,measure1,measure2,measure3,measure4,measure5,measure6,measure7,measure8,measure9,measure10,measure11,measure12,measure13,measure14,measure15,measure16,measure17,measure18,measure19,measure20,measure21,measure22,measure23,measure24,measure25,measure26,measure27,measure28,measure29,measure30,measure31,measure32,measure33,measure34,measure35,measure36,measure37,measure38,measure39,measure40,measure41,measure42,measure43,measure44,measure45,measure46,measure47,measure48,measure49,measure50,measure51,measure52,measure53,measure54,measure55,measure56,measure57,measure58,measure59,measure60,measure61,measure62,measure63,measure64,measure65,measure66,measure67,measure68,measure69,measure70,measure71,measure72,measure73,measure74,measure75,measure76,measure77,measure78,measure79,measure80,measure81,measure82,measure83,measure84,measure85,measure86,measure87,measure88,measure89,measure90,measure91,measure92,measure93,measure94,measure95,measure96,measure97,measure98,measure99,measure100,measure101,measure102,measure103,measure104,measure105,measure106,measure107,measure108,measure109,measure110,measure111,measure112,measure113,measure114,measure115,measure116,measure117,measure118,measure119,measure120,measure121,measure122,measure123,measure124,measure125,measure126,measure127,measure128,measure129,measure130,measure131,measure132,measure133,measure134,measure135,measure136,measure137,measure138,measure139,measure140,measure141,measure142,measure143,measure144,measure145,measure146,measure147,measure148,measure149,measure150,measure151,measure152,measure153,measure154,measure155,measure156,measure157,measure158,measure159,measure160,measure161,measure162,measure163,measure164,measure165,measure166,measure167,measure168,measure169,measure170,measure171,measure172,measure173,measure174,measure175,measure176,measure177,measure178,measure179,measure180,measure181,measure182,measure183,measure184,measure185,measure186,measure187,measure188,measure189,measure190,measure191,measure192,measure193,measure194,measure195,measure196,measure197,measure198,measure199,measure200,measure201,measure202,measure203,measure204
001_Takacs_1,0.30158434068870993,0.7171512261487505,0.24397976164410737,0.14069683134109,-0.8520681105719073,-2.564949295190368,-0.20142116291387263,-0.5969777471480445,-1.4968689675701896,-0.9958010292766301,-1.3498007770747527,-1.113399528044505,-1.2671719783544562,-1.9308368063484582,-0.3202888036640971,-0.6941662360731292,-0.12721086952848853,-0.4747459927861429,-0.26489818259524933,0.4776120912294096,-0.6234548036828281,-0.07028072518330017,1.5255778482826774,-1.8944405643298168,-0.10393707173386406,-0.02297305561740463,0.9995317870050713,-0.9796750300029131,0.2905838557848269,-0.638739770545224,-0.42678959977631603,-0.9005766783574056,0.04352436021995613,-0.7112990141296822,-0.05417530762728338,-0.6347022079061155,-0.5471418747345917,-0.07932991692218277,-0.5921426825269505,-0.9115794005677861,-0.572378275680321,-0.8652103093703704,-0.5697294330521279,-0.2112303622752224,-0.5404570579157305,0.3943584581225795,-0.1195162890694449,-0.11131865338604993,-0.1984891312556008,-0.7747646331772368,-0.8010736836561108,-0.4376210463114044,-1.4243939748968435,-0.6787276498571465,-0.716046503599948,-0.5593795993583958,0.1242886239549042,-0.21894871609940808,-0.6577767810105517,-0.8443843678679053,-0.032771601452899854,-0.5013859587868491,0.19301135357064506,0.0073359948754190985,-0.29136117450795107,-0.18538822849585057,0.7309054224559822,0.9053859432421607,1.036542943829787,0.3851276673057732,-0.2624072978868847,-1.1820471645791493,-0.41504294009615667,-0.3998953605305895,-0.8860294761664559,-1.3630969850293306,-1.1711605129959366,-0.9886506340337403,-0.3224646077140147,1.025811818790253,-0.5058753334364557,-0.3900074802718389,-0.07811923149816771,0.593559741946613,0.5250694252897392,-0.27981252818728625,0.7466838083280649,1.0331909223095577,0.6368375595445429,0.7901896487576687,-0.15430846748644472,-0.17357099135839113,-0.23802427971470752,-0.38300039674254566,0.02276552177310271,-0.4663724021672444,-0.3055707675414496,0.33708270561492387,0.4856682777683021,-0.09637997471493764,2.655802320962166,-1.6129722184458481,-1.897717360949589,-0.3015906459169989,-0.9061787525974307,0.3619696565960167,-0.6737833039665798,-0.056630870752196735,0.21574590611389635,0.4730427525341881,-0.4528086907698862,0.22951043948717714,0.06208970331890036,-0.3534668356796062,-0.36120267688163915,0.2983556445660501,0.04256649265444948,-0.3451290660126586,0.311201317189557,0.8578559270995051,-0.604949524936168,-0.3016133334137275,-0.21609326438617152,-0.6408361356844007,-1.283572075222518,-0.7211280846519043,-1.1969549769525993,-0.49392036632759057,-0.7020805473232854,-0.5384677286861501,-1.120178494287559,-0.39246208573131935,-0.7756378653696545,-1.3992683359941744,-0.23763291981135237,0.25584443405693935,-0.5003635969830873,0.2818525966735697,-0.22299746774799906,0.26050848781119523,-0.8692161805640098,-0.4337814049011103,-0.4975345896888826,-0.04302308582366649,0.249623356382267,-0.6962255771973467,0.002137159519908925,-0.37071452254093695,-0.16968457869269538,-0.17894270903163542,0.22840472955276447,-0.10258621143030452,-0.46563332855474643,-0.6614487034899044,-1.0958812109842018,-1.0277486378620748,-1.1221190442504758,-0.730599537329082,-0.45665190439186465,-0.18833051364451003,-0.3221145230288379,-0.23344348535062867,-0.7018145010465392,-0.14040578179279925,0.17985182648774914,0.08880958356509058,0.34098197631445804,-0.009778770199102135,0.6496327086905035,-0.1498343097720422,0.7850827311165903,0.912054838945576,1.2208056378978427,0.4901484244402026,0.5427598951225509,-0.27635541434147026,-0.2748152653191978,0.4273123677959743,-0.9321322363626582,-0.17431617277031058,-0.6896271536611398,-0.8447485833394892,-0.6568506040651988,0.20072244723841298,-1.4237269504718628,-1.4182767235572058,-1.1210767102816825,-0.6767349286425702,-1.362449824207467,-1.6937067215595627,-1.6968537267250128,-2.191753495900488,-1.7381360733836775,-2.0551285050695536,-1.864263678904522,0.5233140076110245,-1.735718505158205,1.4629295032481908,2.635626800072993,1.197354072002392,-0.210558419233676,0.7755988705321656,0.6664352089944939,0.32971210080085717
002_Prague_1,-0.22137759993770761,-0.1810629333345852,-0.004357759085344136,0.2677483315588035,-0.03704643959008576,0.335109611896329,-1.3926275462698763,-0.5406436494016574,-0.05976227597365436,0.2022768079382809,0.1802166064416541,-0.5341684858786813,-0.3229559548525333,0.23034534877568727,-1.1831076216981895,0.27677677432889736,0.31841646670942575,-0.8839365572212543,-0.26489818259524933,-0.1699281803160759,0.553245606816279,0.21084217554980061,0.6952805657100747,-0.3864660655240404,-0.3158294655052343,-0.02297305561740463,0.07477564178771093,-0.08149831012031179,-0.3280785468538429,0.606398516340208,0.5121475197316452,0.0706334649691751,-0.14798282474801497,-0.4255068539316208,-0.054175307627544356,0.07530365178553323,0.08639082232648956,0.7313246291731359,-0.3766928961537066,0.5558410979071536,-0.29254889645880966,0.8084479363810995,1.5595126464738396,1.9574013570831663,0.7645490087589688,0.8213789392696791,0.7531838920675631,0.8724265611780896,1.173921433425734,0.5050801771761673,0.9686134503830187,0.4288686253851422,0.18842902434961128,-0.05676242706189969,-0.7160465036001269,-0.5593795993583958,-0.10623058720426043,-0.42187587203918664,-0.8766074086440041,-0.43667160326051413,-0.5537921661851213,-0.8572082521194954,-0.3165386198556437,-0.5169615354164051,0.26234089404665334,-0.5259743095957632,1.6391551484636842,-0.147990416331861,-0.2699252330889879,-0.18930003986211127,0.1312036489434256,0.06819502872578494,1.1597861719066251,0.4374375627517701,0.394084752086036,0.683152136026427,0.8221941701986433,1.511338488706845,0.7225333783694565,0.8411811416389141,0.5303173698916414,0.3818250530389742,-0.460035474377344,0.19785324731558893,-0.2584688479428827,-0.3260271151030568,0.07344430901604113,-0.20023079889731865,0.26767946838499074,-0.028172928840272587,-0.22465239932356124,1.0150185975948764,0.22402285149629803,0.4361948962901443,-0.35286558748305796,-0.4663724021672444,0.019714243067267805,0.48246513331225105,0.326173568245498,0.0550742712656628,-0.13977906952432323,-0.09802812917325263,0.2683466048065902,0.14011900003866526,0.39036691685270875,-0.09956667293088682,0.5967794977988743,-0.36810065988883184,0.11196453366553916,0.10871297079079623,0.7095851997007967,-0.5292678866055603,0.19592535200975564,-0.48940052809217627,-0.09183118903779519,0.4510591833273988,0.3538957495899242,0.3779985008708763,0.7139324335525475,-0.9966996609652018,0.11122422484189591,0.14724386271266496,0.59714803836596,0.14769292716015406,0.322314967081629,0.41743538727324986,0.1265890942688108,0.38646464620669463,0.28378671834678115,-0.3034603714570074,-0.0544788010038375,0.9287577968396911,0.27473966589897203,-0.3095199068246167,-0.5374785920230262,0.0018092417654038328,-0.29784692726663037,-0.2757147934671529,-0.22299746774799906,-0.1803520300229887,-0.7508729941106899,-0.7395906683302677,-0.12665821536784605,-0.7433766916115861,0.12009218035339293,-0.3168395218213848,0.4056503753172005,1.0227884029397514,2.346622285770026,0.4115682307729026,0.552592087627329,1.3009027704805036,2.595249542970721,0.4204205318290534,0.2802789830876729,0.6439293537762061,0.12512326183218353,-0.6081707425263073,-0.6440012539384071,-0.5839960773508375,-0.5838966054818328,-0.48483027408066226,-0.4371456769685775,-1.2962784863460992,-1.5743183790620905,-0.2087776986001342,-0.41059975834531826,0.26167379517967376,0.21254978394535257,-0.5085028108723054,1.505660638138125,0.28501713717043703,-0.3356758046603585,-0.4316229267556015,0.01206133100262306,-0.02302961786174372,1.6812536483542522,0.6180136762746273,0.38893557406927337,-0.0014785473232812479,0.20283151578273553,0.9119888684440104,1.6865372042400877,-0.1344807160044108,0.39341004429874565,0.39860798874544073,-0.33737067508411767,0.4236946726218155,0.09669088250177138,0.473072614709593,0.45034247593143045,0.5026338327900398,1.0200178977547187,1.0019112799881513,1.4500883920929835,0.9600537249647951,0.8405849934542357,1.2973261309174091,-0.16112208352142288,-0.06227564803503127,-0.08694008735432145,2.266644370228917,1.0451430241027118,1.2244250730243031
003_Panocha_1,0.19663708553228756,0.2485177516357045,0.21842738287055127,0.810815146564374,1.3892414846281256,0.5259029610467656,0.2695208956222268,-0.005469720811069644,-0.33164732573516403,-0.13468258377839867,-0.5152458406112659,-0.07503782566337637,-0.24842587250520942,0.7520100069091021,0.3987268780309118,-0.8222505326764932,-0.679755613779025,0.7528257005191912,0.13701630134234818,0.15384195545672436,0.5532456068161862,0.6325265266494018,-0.2733995972910493,-0.051360621345058304,0.319847715809027,-0.3978833711278553,0.5406446688445338,-0.9830656471205249,-0.12185774597418861,-0.8166166686716781,0.16004609991617014,-0.12360856369614105,0.04352436021995613,-0.42550685393182386,-0.42147684782899597,-0.39803358800884325,-0.12478674336053754,0.03647787537712495,0.5928311425261205,0.06670093174881726,-0.572378275680321,-0.6261162742630094,-0.22905070032797067,-0.4177667164997889,0.3295469865338973,-0.10847704618688561,0.2621045962789141,0.0013940512238443871,0.17580465911200369,0.386357118586637,-0.06069557634530698,-0.8227275670653339,-0.24910351069925687,0.20582938599321768,0.6681852603693943,0.8473895037153114,0.8158462574325619,1.3030049534492913,0.8740317208517986,0.5826067407804038,0.6185041044624694,-0.026956234343433128,1.0422613092810458,0.40055914259456665,0.9544684797402039,0.4957839337038134,0.060949461102329,0.3773512750513797,0.7462166822921441,0.5287345940978463,0.5248145957741088,0.193219248056154,-0.14507223518137946,0.9398373167210431,0.5686457832113833,-0.3046922672418525,-0.3333930064576391,-0.5678670098691354,-0.3224646077140147,0.2872891101843727,-0.061792746295782595,-0.7207928516909603,-0.46003547437707265,-0.19785324731571632,-0.2584688479428827,-0.3260271151030568,-0.061203590846478445,-0.5526370049562473,-0.286057668354862,-0.37889974781079516,1.2049570273028445,-0.2665684392689997,-0.08400856931111197,-0.26597249773782816,-0.10244484797901016,-0.07174960033344378,0.019714243067267805,-0.3898294328712988,0.007184149200116299,-0.2478342206957533,0.13977906952428598,-0.3142039714193258,0.14025553419255316,-0.14500457642568237,-0.12825135092716278,-0.40725755928244733,-0.5326096593258846,-0.9910402381629873,0.008183161217476921,0.10871297079079623,-0.5690480798168553,-0.07400089095017666,-0.20558159406281018,-0.4894005280925626,0.04285455488450958,-0.46516204923895743,-0.26876276428102525,-0.5861715883069418,0.311201317189557,-0.2330591247034096,-0.06781921260249286,-0.3016133334137275,-0.3322705933506674,0.30539873972843745,-0.5536234196296484,0.41743538727349877,-0.5627581548508375,-0.22713569527928604,-0.5504086602970716,-0.6168035144293461,-0.20761472491475236,-0.5326352536518247,-0.19174233937198182,-0.37185179661307266,-0.4375300346192296,-0.3691443355296985,-0.29784692726717626,-0.1642013154388182,-0.5048709358311951,-0.40078228894023726,0.19587249751721544,-0.586686036615689,0.7387199913811222,-0.44322514627415005,-0.1389701717032507,0.06254653355439733,-0.3799934501606512,-0.6308034995318192,-0.522471672474431,0.2147312508382431,-0.5820636656345684,-0.717789412547156,0.17508597852724803,0.006434253357584779,0.08596913550071061,-0.3897070818471993,-0.5342201767948521,0.6023974328463026,0.8547935424352641,0.7348891350025877,1.5103600541439859,1.6519574301233726,1.547870503615195,1.1129387813758727,0.35965493735994725,0.24928673049219052,1.1200174172227837,0.6688526432466803,0.6496327086905035,0.34547493463143314,0.2115593339628656,0.28501713717043703,0.08881913421911432,0.3365198659076414,0.01206133100262306,-0.27635541434147026,-0.5446178741016964,0.2921051400845162,1.1999501117918994,0.9612126232821585,0.25861018262292823,0.17529251769612242,0.6613050381066029,0.2677624932828767,0.731895939712027,-0.2688190484269063,-0.5217720951306806,0.2942323665908195,0.7910155784768226,0.11947100189112281,0.45034247593143045,-0.320455876377934,-0.33784251880568167,-0.5945806319787778,-0.21843790046770656,-2.409081237478946,0.5484268647456473,-0.8391991879727604,-0.6160715688462337,0.07768320974677206,0.0741869162286339,1.1227992414742587,1.7268170912971594,1.492838964691286
004_Janacek_1,2.3560776788639126,1.420101437918317,2.1685955472973792,1.4535623335907408,2.4895207404535964,2.204884433570648,2.1809916037981445,1.988834798795115,2.0452980116244905,1.8870737665217585,2.266603947600377,2.417385758362548,2.024741639087811,1.4972452328139616,-0.7516982126811433,-0.9503348292798571,-0.8639371951957834,-0.3383491379743745,-0.1644195616108678,-0.9793535197479041,-1.277177253960141,-0.07028072518320029,-0.5501653581485836,1.2890611553711082,1.1674172908946585,0.9143027331589885,0.22890166599056783,0.9663745297426877,1.1154670593030045,0.7842754144667886,-0.1920553198993883,-0.3178505923614572,0.4265387301560344,0.14607746646409583,-0.42147684782899597,0.7853095114766776,0.08639082232663961,-0.1951377092214905,-0.05351821659368773,-0.8137513673360771,-0.8522076549018985,-0.9449083210728051,-0.8252384825952609,-0.7275712478367855,-0.39545638384060366,-0.3598947983421541,-0.1195162890694449,-0.5621694718253069,-0.6975475184122886,-0.4257160485355496,-0.358651900146276,-0.5338976764999552,-0.06706890264986091,-0.3516147723452846,-0.33852874979029,-0.8840186231446596,-0.5672690095227535,-0.11748513812944672,0.16704318153066228,-0.5589861461381218,-0.29328188381901055,-0.3827785276760794,0.19301135357064506,0.40055914259438036,-0.15293565736920162,-0.18538822849585057,-0.8961304836886139,0.9053859432421607,-0.12476210232016635,0.8159484476817885,0.7872218936610444,0.31824346738652304,0.5748496445913811,0.1862376857670741,-0.42053339316564,-0.09301132368435688,-0.9198302610344831,-1.5356693454477386,-0.8449636007558121,-1.0974409684519806,-1.394040507717802,-0.5002692707448794,0.30379701138127996,-0.3957064946310878,0.16785953305803197,0.2440834405250942,0.20809220887836935,-0.20023079889731865,-0.286057668354862,-0.7296265667813177,-0.6535352273115236,0.09959928554921345,-0.08400856931111197,-0.14894459873311064,0.02276552177310271,0.7174960033341574,0.6702842642845485,1.2093772717984737,0.6451629872911063,0.6608912551887103,-0.13977906952452185,0.7666752398113474,0.9910042669445249,0.729065194645799,1.0386397515780548,0.6696605429473586,0.7379531424397701,0.09910402381612081,0.5270900234583781,0.5944860131152037,0.7095851997007967,0.5330217699245309,0.3297610007009913,0.19026793397106054,0.3122260427283535,0.6037627220883135,0.5095603780574404,0.25747723972373465,0.311201317189557,-0.4512421350637445,0.6483545371755711,-0.002375202662657445,0.1324387225076463,-0.010012885409025823,-0.48062855407044447,1.1180898315351704,0.4574751120741046,0.6265696496254048,0.3596226618597803,0.7932406289455102,0.8643367424625222,0.6364791867414294,0.6012770695886265,-0.3095199068246167,0.3620584246117112,0.24911162662950825,-0.8740240899101507,0.6163930307579399,0.05887600033519698,-0.18035203002330194,-0.2775002482967372,-0.586686036615689,-0.3739091315819875,-0.34317463116110264,-0.9161572278753906,-1.0123806233442212,-1.100166956848558,-0.9431626581207714,-1.228045860038153,-0.5726166689009545,-0.41996998659728607,-0.8257501034632541,-0.30317697014845335,-1.2023833211493833,0.043807766393798624,-0.936599844145738,-0.22729580611388983,-0.08496317713028019,-0.5503265791651359,-0.18833051364488487,-0.5746949652837686,-0.36797312533951987,-0.1724768528906158,-0.013604872965801255,-0.14247705958236145,-0.20877769859980871,-0.549746774305911,0.1259475124902858,-0.07883883255086256,-0.6280589779060662,-0.9648921859358964,-0.028501713716909696,0.6548123860582774,0.4901484244402026,0.9407838182123082,0.8636106698167593,0.26478995224579926,0.17304395649116378,-0.3156339248278402,0.574646870834302,0.14705284894238432,1.371381378980518,0.946422103508231,0.20072244723841298,1.0602017144321607,0.7784815028081226,0.6768371351713233,0.5531569786529954,0.8856962188371629,0.8266742275282307,0.22209723275979928,1.8955548790740402,0.2137882754219735,0.28624249186505063,0.2521720794852618,0.08657429025716515,-0.08900905243683711,0.7793805990651855,1.6586758577778202,1.8971483609122044,0.015152105633358708,-0.11225505383538908,-1.1513623035243918,-1.0123573575340576
008_Martinu_1,0.04010337037550117,-0.10295735424907436,-0.28373746990598225,-0.4522101696748824,-1.0558235283173683,-0.35174644504525626,-0.2291236369454021,-0.3153072584161589,0.1732820523933618,0.05251707828642036,-0.23706086179009545,-0.4029882972457287,-0.36022099602618196,-0.4403663545386995,-0.032682530986134446,0.7147610265641474,-0.6797556137788943,-0.06555542835103152,1.1418025111863777,-0.5120479885337088,0.5680654947639935,0.07028072518320029,2.4942580112839,0.6188502670130249,0.9555248971232883,-0.02297305561740463,-0.38760243082096923,1.415462889683882,0.2905838557848269,0.6063985163403344,0.629514659670109,2.0130537516227505,0.4265387301560344,0.43186962666195416,1.0477293129778544,0.5486408915799097,1.142278650761775,2.9316726828603943,2.6396041130723966,2.218917662845303,0.267109861984213,3.312336309639325,2.716355419185255,2.886814951093936,1.7795537272835174,0.8971939624320446,0.45291503895322915,1.0158083927124129,0.6748630462688687,1.3195268746737128,1.5585091617295348,0.9102517763276226,1.0060223907479515,1.2700731267135419,1.423220767989068,0.3063244640715897,0.3548078351140688,0.08544201781033181,0.04921175831058453,0.15450940818593134,0.6185041044624694,0.3288660589892131,0.7025613269969337,-0.12373838769744382,0.677617445462705,0.38225524000395006,1.5922773727678514,0.11333394095580163,0.0204010284486552,0.3851276673057732,0.2624072978869867,0.31824346738670073,2.4706626759583785,1.3473044505134562,-0.536907413915844,1.4593155957372108,1.3840303819459543,0.6103271377918897,1.1579492059043703,-0.1742875826944992,0.08623478275096821,-0.27974568979895514,0.30379701138127996,0.19785324731558893,0.1678595330583349,0.38661107943192946,0.07344430901584978,0.8569878192797178,0.2852606224764214,1.1297808912257488,2.4916055112667315,0.4657670103676868,0.6860699827075224,0.670250694299413,-0.10244484797901016,0.3228732015003568,0.34499925367598516,0.04631785022047614,-0.15231056032268786,0.5094370092078946,-0.13977906952432323,0.7666752398113474,-0.2134251699522611,-0.30159064591678963,0.2607123499077869,-0.09956667293088682,0.31443220851788517,0.254838918384881,0.5270900234580831,0.5944860131152037,0.12838825446562044,0.5330217699245309,0.19592535200975564,0.5980690112091572,0.5815975305725802,0.6037627220883135,0.5095603780578828,0.3779985008708763,0.1769576117349725,-0.12396761952293209,1.0064414120648575,0.44648199346330975,0.4809707094014641,0.14769292716015406,1.198253353792699,1.2932534426007127,1.9464621921982792,1.6670246644387545,1.8005055886080572,1.7332700578618585,1.5534484000625095,1.7325239746101702,1.814130283293133,0.5007946604237159,0.3620584246117112,0.6635285980646585,0.018762423605456147,0.6163930307579399,0.6226229365011885,1.0320143940210953,0.9059316162374716,0.9423602805314018,1.1095963657021588,2.058037731540377,0.249623356382267,2.4653248842687026,2.173348982642367,2.4991633367856316,1.4970536360409175,0.6084052107075621,-0.09578262852226078,1.3009027704801968,0.39523997906184233,0.7810436102688768,1.7048902048098697,0.37048297262693675,0.3135071014398506,1.9743746982686705,0.9484682172085352,0.3392235712966351,0.33234068310402115,0.017943303379404883,0.4891952073037243,-0.4086721245538696,0.6819838234305159,0.02025451594635364,0.8417233853012028,0.3974000778682902,1.0867156334352401,0.08927802429513973,1.402720937134986,0.7552954135023483,0.23031744717880454,0.3365198659076414,0.6754345361523443,0.23029617861762283,2.018506909332519,0.800641962694318,-0.22197021706815181,0.7474844962813313,-0.2991764857794741,0.40196831792636567,1.100690252163662,-0.03391918042746264,-0.25980951719316714,0.1019737500021988,2.428650625612754,-0.4825414695957083,-0.6607542403803228,0.5320062168461444,0.45034247593143045,0.43931923977700804,1.4443492779299496,0.8918083895076142,1.3217402157421518,0.5233140076110245,0.25626873603698347,1.3620693223988682,-0.16112208352142288,-0.6221110791626424,0.42352087758436946,-0.7610458058526478,0.1362442678431612,2.8349084230259467
010_Guarneri_1,-0.699869098398711,-0.9230659346469027,-1.1529187924590723,-1.7227251718519647,-1.3410811131610176,1.2127590179883645,0.7404629541583213,0.05086437693529749,-0.4481694899186583,-1.070342062714214,-0.2026024361947444,-0.4029882972457287,-0.39748603719985715,-0.7384604449006433,-0.3202888036641993,-0.18182904965949134,-0.45631572828319605,-1.4585969660711138,-0.36537680357963087,0.40419721294298605,-0.82565115755357,-0.9136494273825027,-1.1036968798635538,-1.0566769538821237,-1.3752914343623865,-1.7100694754146992,-0.5417284550238262,-1.578459509924612,-1.7716241530106904,-0.6387397705450976,-1.6004609991612049,-2.454512907680349,-1.8715474894601631,-0.7112990141296822,-2.9925876292415063,-1.3447080675974281,-0.7583194404217689,-1.5848312168135124,-1.3462169348334572,-0.8137513673360771,-0.10599597697784627,0.4896558895713038,0.5374764483013679,0.20184234617405739,-1.2654604282904376,-1.8684013112705493,-1.6459998304632877,-1.463871108704061,-1.3213705023583255,-0.8911141613912427,-1.096021539329264,-0.34134441612299044,0.13732943894976044,-0.4990409449870818,0.29066750655937856,-0.7758056152158537,-1.143567037420747,-0.3204122940692253,-1.364765320331688,-0.4162870352734328,-1.3353230132836384,-0.8572082521194954,-1.1657885755662858,-1.0412590657082292,-0.8450632430627522,-1.7747899402953893,-1.4703784505631934,-1.470770063616729,-1.576393410007763,-1.3381554541980842,-1.5744437873219361,-1.1820471645791493,-1.9898720520989386,-0.2324287758740462,-0.8278424657913953,-0.7986144688760424,0.25304424811920495,0.7786405874577078,-1.4545457593044935,-1.2820716456034507,-0.9499579205771289,-0.7207928516909603,-0.8419517172565203,-0.9892662365777645,-1.3242898004463812,-1.1811929485446757,-1.138386789746061,-1.0812463140447655,-1.3935319418345675,-0.6127176271244215,0.20423042866419794,-0.998903888905426,-1.3161342525409707,-1.4362514877845043,-2.1058107640117485,-2.04486360950226,-1.6067108099763192,-2.1344185652383985,-2.54473120316339,-2.5196479104069125,-2.6558023209622035,-1.7193469460191857,-1.0565257757795663,-2.2156657783904974,-1.9434152881579108,-2.868784650093401,-1.5208251718103496,0.25483891838465966,-3.0014766397789825,-1.6435371866671238,-1.649998842351838,-1.6328502596419725,-1.5439380809726941,-1.576870067393896,-1.842745860024312,-1.9921974368496236,-1.98107367742503,-2.0324267220740113,-1.5682105591710018,-1.6512486920468266,-1.5001667121591298,-1.0497086602907646,-0.9131572381738071,-0.7985419482535805,1.0522636226742912,-0.5459644735863619,-0.12157541908545341,-0.3828517934962084,0.2543813312494696,-0.06845301422786468,-0.4310668366877891,-0.2463227806820847,0.13479506431767263,-0.8081750251313783,-1.6369127234659249,-1.8529586447115136,-0.8740240899101507,-1.502363051776299,-1.773301542204576,-1.1722881951504507,-1.9343048586445624,-1.0453999317598597,-0.003032757260950971,-1.3436797822870272,-0.7866260518468846,-0.9491496141147744,-0.7073450441096321,-0.44338800437819936,-0.6106684459200529,-1.163127608706052,-1.878813097933748,-1.6140358842569038,-0.9438962772307197,-0.12051408583042549,-0.6229459006525438,0.12804085366026557,0.8315626603611025,-0.39277434708223985,-0.23829155376135713,-0.7158845985856551,-0.8456786879355717,-0.7362170628103386,-0.5694800890077464,-0.6622739422085864,-1.0908250499564665,-0.8958743422382958,-1.2454818541092703,-1.5027678797792834,-0.9530046820403362,-1.225839813073851,-1.7884097939605703,-1.2825771172676332,-1.7506589342584673,-1.199765719419281,-1.7127090023861997,-1.4163214984996997,-1.8936309180145725,-1.2889994085119032,-0.7119542679572946,-0.17431617277031058,-1.0242991547026128,-1.0147554335120912,-0.803312342084149,0.4940244818207158,-0.4676519159928625,0.32444942905968294,-0.5781182540436625,-0.33869266480708377,-0.1242306116722064,0.8266742275282307,0.2601381066218099,0.05943168169953701,0.5956865175796088,1.474905039775619,1.595898337836276,0.5233140076110245,0.5749866946282257,-0.06228089019451689,-0.3127719119628828,-0.4821522213808391,-0.49530885930562235,-0.869177597855473,-2.211744185827488,-0.7439434658668204
011_Vogler_1,-1.678200148825578,-1.5088577777882088,-1.463340693370886,-0.8333646703280079,-0.20005077378644862,0.602220300706947,0.3803307917483693,-0.12580217030223176,-0.3987602082327168,-0.7337215023858542,-0.7934308194324241,0.4824779760266401,0.04969445688401982,-1.5954809546912647,-0.3202888036640971,0.6825222091091071,0.6558739601812356,-0.06555542835103152,-0.9682485294860629,-1.1412385876342466,-0.10047684346103368,-0.9136494273825027,-1.177752478324944,0.5409633841496788,-0.9515066468194956,-1.3351591599041153,0.9995317870049618,-2.3269401098267086,-0.3280785468538429,-0.6387397705450976,-0.6615238796533272,-0.12360856369614105,-0.9140115646200354,0.14607746646409583,0.31312623257442923,-0.39803358800884325,-0.969497006108796,-0.658368878418886,0.16193156977955614,-0.32461120117774067,-0.2925488964588759,-0.06823019234585283,-0.9104081657762851,-0.4177667164997889,0.4745476606089211,0.7455513452199163,-0.19523941324469193,-0.9003075856549899,0.30056925590126427,0.03968206432047414,0.37871773903650247,0.7176985159506577,0.08622985354983694,-1.3098848945165473,-1.2194035086797903,-0.8840186231446596,-0.7977882206819181,-1.4365116517383678,-1.1291024738911977,0.011810297320836808,-0.5537921661851213,0.3288660589893817,-0.6562386021399971,0.007335994875605366,-0.56821220878545,-0.7530316969956512,-0.32188251681410257,-0.41470072723479173,-0.7054146253952462,0.09791381372183094,-0.5248145957740068,-0.6819502872571401,-0.86499411495414,-0.4836286528587422,-1.293338548792294,-1.3630969850292303,-0.66850000907297,-1.2831991709490116,-0.7578804352488047,-0.6358642755732399,1.5665100732199488,-0.05922210885303093,0.11283888994155611,0.19785324731558893,-0.2584688479428827,-0.18349947619601908,-1.1383867897462523,-0.5526370049559969,-0.8397948050949771,-0.378899747810629,-0.5105742846490049,-0.6327361640872129,-1.0081028317335607,-0.6170561947518144,-0.7284966967392187,-0.2032905342781063,-0.19714243067182577,-0.8272924269337176,-1.1078353903378968,-0.39928846667635376,-0.5591162780973363,-0.5303798136655526,-0.09298222626237711,-0.5960637432203565,-0.7765241856525089,-0.5611030024580089,-0.5326096593260852,-0.523835554457592,-0.3412850432957394,-0.6967776715026385,-0.33656930172291705,-2.0468245387916824,0.597432298082892,-0.3534668356796062,-0.4958884208039439,-0.31245851047804274,-0.7357566496835737,0.13695597857625047,-0.09152979917343348,0.4214899063785253,-2.037297024492805,-1.6481849217929048,-1.2616892250676248,-1.2716593859597756,-0.40763368851124054,-0.45838266805371514,-0.7006259502447763,-0.8630618003331739,-1.1106656519855926,-0.7734750859155155,-0.8967263825145222,-0.6787745587008517,-0.1692112585175338,-1.83559156451248,0.06221275240032145,-0.8637491052572045,0.47038928959048687,0.058825640617217304,0.19981273437659472,-0.29056715948145634,0.31421568397019906,-0.8924953000452809,-0.6211600477957777,-0.6433261764991075,-1.1752195799324023,-0.5697635587388125,-1.034696638058799,-0.8182189946852615,-0.6106684459198023,-0.3757796889668544,-0.25787630755954305,-0.7503503569271993,-0.1786755593494887,0.05979745338974247,0.18626888856589682,0.15718568045133938,-0.6982554051332583,-1.2955313525026608,-0.6440012539386734,-0.45210755611527004,-0.3129128828304018,-1.2478268858941015,-1.3634865612412552,0.2253324195836432,-0.7684961638863559,-0.8958743422379704,0.14598830549784364,-0.5526839009554966,0.3582440921938742,0.003885031991265243,0.10126716481571221,-0.49877999004837537,-0.043694035867791615,-0.1341212231571272,-0.6513118741470981,-0.149692516101427,-0.6795191784930414,-0.33549286611863793,-0.9321322363626582,0.11374653630823539,0.09127418210235021,-0.6180727831094069,-1.3891592941605748,-0.8551648772582774,-1.1432103785077288,-0.6302789921196125,-0.8444745802119691,-1.9066268359381358,-0.8890466224062142,-0.9865034959222874,-0.9191289830983564,-1.3968039575973152,-1.5259703832960623,-1.7506609820238708,-1.4163542130754283,-2.1595156847052994,-0.009329562789026555,-0.8391991879727604,-0.7677213972876936,-2.0683549422234275,-1.0738295846998447,-1.5179683498733463,-1.1513623035243918,-1.1018286547563005
012_Emerson_1,-1.2673014811905376,-1.2745410405316868,-1.2150031726414317,-0.9604161705457214,-0.8928191941210053,-1.229395851137278,-0.5615533253238296,-1.1321516757386323,0.05675988820985372,-0.9583610968636582,-0.8977501864903645,-0.7965288631445632,-1.180051901846612,-0.7384604449006698,0.6863331507089766,-0.4702364603214416,1.024237123014883,0.4800319908957513,0.6394094062643987,0.8013822270022098,0.1610121366498171,0.6325265266494018,-0.5501653581485836,0.28374482283404284,0.10795532203750619,0.16448210213795392,-0.8499805034296495,0.9663745297426877,0.4968046566643347,0.42852161821375384,0.16004609991617014,1.236085636961348,0.6180459151240055,1.219255607223303,0.4030783797697948,1.2586467512712223,1.3534562164489523,-0.24897096147185563,-0.21889208636925378,-0.031127101482752714,0.5469392412056581,-0.1943762052684842,-0.34975317533222033,0.20184234617405739,0.0395456383840557,-0.10847704618706425,0.8345359243015882,-0.3367440626056784,-0.07372453446634021,-0.5420655767493903,-0.21117797230980415,0.043762104631212696,0.39282736594916,0.5329422635049749,1.0457030141792312,1.0638155195727694,0.7005866518528976,0.8971506415697343,0.04921175831058453,0.2972085190506203,0.6185041044624694,-0.02695623434326458,0.1930113535704037,0.40055914259456665,0.12391537690810057,-0.1853882284960119,-0.6090065002513243,0.11333394095598923,0.6010535515235288,0.6723415208897153,0.2624072978869867,-0.5569260679265934,-0.5500282925535452,-0.8185618221717098,-0.7696554554162519,-0.37525258176105114,-0.37528138178451825,-0.10500502328804617,0.8966997093834715,-0.174287582694368,-0.061792746295992955,0.3818250530389742,0.6857132542604563,2.174646183599148e-13,0.8073521045600098,-0.040971837288981315,-0.3304993905715176,0.6807847162503786,0.26767946838499074,0.9070985884143988,-0.08169145666104258,-0.08348457685976304,0.07000714109270245,0.20213909828070928,0.2731862612771505,0.05979133361121873,0.23657091680636136,0.1917002779178033,-0.6307946888908738,0.0550742712656628,-0.41933720857293244,0.11814771307282058,0.3887895484963031,-0.007117548613222787,0.0014032160175747896,0.3619696565962353,0.03208491923649484,-0.36810065988905316,0.07384044649695197,0.1533251525651609,-0.33656930172291705,0.22951043948717714,0.062089703319280744,0.19026793397106054,0.4469117866502755,-0.46516204923895743,-0.42442739274854135,0.25747723972373465,0.17695761173535401,1.4033134530006524,0.46931109973118235,0.44648199346330975,-0.09991593542134546,-0.1677186979782057,-0.480628554070237,-0.10805544592287937,0.12658909426857567,-0.013710359490625016,0.7388023794252071,-0.14678879997106067,0.022089160951619936,-0.13000685431084713,0.017698751354532687,-0.49651557618963016,0.06221275240032145,0.2491116266291568,-0.4899059814813191,-0.2757147934671529,-0.08206073370620076,-0.8416428067747344,-0.6325298076570335,-0.8924953000448463,-1.3629127964382022,-0.6433261764988232,-0.9161572278753906,-0.8226875956562403,-1.2965779132180208,-0.9431626581207714,-0.6106684459198023,-0.9662906287713925,-0.09578262852180008,-0.42646828417890537,-0.9438962772307197,-0.12051408583042549,0.043807766393798624,-0.5720046692801319,-0.20454845748126735,0.4409883427965449,1.135817566755344,0.8667776562377802,0.9867958892376243,1.1491838526636629,0.621529619342517,0.3521333284110016,0.3596549373604053,0.13477062321927208,-0.6888937902668992,-0.41695761826610866,0.066855475697245,-0.26939047680546324,-0.604603232425129,-0.18526113916058307,0.37181576013849477,-0.12436580969047899,-0.38596259208675715,-1.03633280378029,-1.2191243960582303,-1.7975362311215242,-0.8880966426816355,-0.5199914236646968,-0.6896271536611398,-1.6947828342023377,-0.2174653900081397,-0.5032024357592139,-0.509220395752896,-0.6766911266989957,-0.2451699650609672,-0.4825414695958923,-0.5734444878720756,-0.5150346788307146,0.3742607282075174,-0.7636580274682568,-0.33784251880568167,-0.8147864129396957,-0.3895688022688965,-0.757406496112624,0.49675205972607966,-0.23845358853502088,0.2515322646513506,0.7774774986565843,0.015152105633358708,-0.6529140138498225,-0.5454297993515017,-1.1018286547563005
013_Cleveland_1,-0.10931432694633195,-0.1029573542490761,0.5544016625559238,0.47950083192165427,0.4112154794499194,0.9838069990078405,-0.2568261109769414,-0.2308061117965882,-0.9530988680471841,-1.4076402858192398,0.24976285114693128,0.941608636241945,1.3539708979619889,1.2364129037472806,-1.3269107580372732,-1.2065034224865852,-2.4823131238679297,-1.4585969660711138,-0.9682485294860629,-0.49369831608887615,-1.9308997042373606,-0.7730879770159023,-2.072377042864678,-0.8891242317927516,-2.4347534032193883,-1.5226143176594737,-1.928862672849757,-0.6802827900421169,-1.977844953890198,-1.1723704649245865,-1.4830938592227412,-0.12360856369600304,-1.2970259345561137,-0.42550685393182386,-0.05417530762728338,-0.8713708278032197,-1.8142072688570543,-1.237407839915507,-1.2384920416467586,-1.3028915334944136,-0.945484114642314,-0.7855122976679356,-1.847274680767793,-1.553716664735125,-1.8454631245902238,-1.6169835591158168,-2.409241601160141,-1.013020290264724,-0.4480183248337674,-0.6212123433170001,-0.11085883289886059,-0.6301743066883692,-1.1401601960477459,-0.8676063765913653,-1.0935642574099638,-1.4250836627883814,-1.950384276477905,-1.5379752297081848,-1.2301016783045722,-1.7209636010437286,-1.3353230132836384,-1.2130305454521417,-1.6753385489925745,-1.4344822134271906,-1.8780775072617857,-1.0410994043901003,-0.848276486449043,-1.0747440624735494,-1.1409040177015046,-1.6253693077822304,-0.6560182447173815,-0.556926067926771,-1.1349648198688533,-0.2324287758740462,-0.5950944242909874,-0.939735097914239,-1.213048888322935,-1.0728073588666494,-1.1062130972767108,-1.00512562987618,0.38228984084489054,-0.8310546421638441,-1.2238679601359679,-0.5935597419467404,-0.2584688479428827,-0.040971837288981315,0.3427401087406976,-0.905043211015176,-0.47063671393490036,-0.378899747810629,-1.4409569514503318,-1.4551580282222674,-1.0081028317335607,-0.8511119927612494,-1.1041278059952013,-1.2556180058348456,-1.4982824731066953,-1.6982712821466235,-1.4282682365044412,-1.6109224345222335,-1.3977906952433625,-0.8546435770347393,-2.0200693252967556,-1.6267195837831545,-1.295142453432749,-1.7918665478635951,-1.3796515271696543,1.0335133912269114,-1.548537425504784,-2.3201522408317587,-1.3827238031464655,-0.8327792170429141,-1.5439380809728844,-1.576870067393896,-1.842745860024312,-1.68679035932736,-1.5140797920222604,-1.7913841997793856,-1.7024542646253955,-2.0876147127678064,-1.5001667121591298,-1.3489467910418347,-1.145511896103129,-0.16771869797775746,0.9062738915558831,-0.7211280846521532,-1.03151196805007,-0.30281679235679,0.17854538773647047,-0.6951393001723195,-0.813906646465294,-0.6116710433050675,-0.8448171467514233,0.0644714319054102,-0.337581477215433,1.2383211660838174,-0.8740240899101507,-0.38722827149485367,-1.0686178719971866,-1.0620730656916697,-0.8692161805640098,-0.4337814049011103,-1.172566678590402,-0.7973739546180032,0.249623356382267,-0.7594565864267935,-0.903756000479095,-0.6932753312495742,-1.228045860038153,-0.7694536488361735,-1.5546257398587227,-0.8583110478436041,-1.1352014567011632,-1.3826948603690388,-0.6684978444670974,-0.5720046692801319,-0.7226040164025191,-1.3345116477498733,-1.2060493025785672,-1.6391042472331276,-1.6310249352949282,-1.3646840346352438,-1.7604897973576337,-1.4230793951738179,-0.44616727781578724,-1.8120032004222943,-1.3846288700702585,-1.3670415970898955,-2.118559148026439,-0.38894664383888433,-1.0678318869390355,-1.59609596815498,-1.4586771654663024,-0.5950068987552476,-1.3146850792964424,-0.7830070073005634,-0.20736461312362112,-0.526194174597291,-0.08906418999953761,-0.18267863321487351,-0.07606181841854487,-0.3268878835812076,-0.22759688073542264,-2.321675050170292,1.3197927136851555,-0.38005688795575376,0.26193394006675325,-0.0941545515023524,-0.44720363405843805,0.7815045681707337,0.564465097517246,-0.19382669035205033,0.2137882754220941,-0.3743748510178597,0.03825845223383518,0.18016137254727155,-1.1335155303064566,-1.78920517101729,-1.980920024820235,-1.7417819414182625,-0.801585438268953,-0.2203868458382143,-0.46968823632972895,-0.6544721686445775
014_Stamitz_1,-0.14666875127678938,0.2485177516357045,0.8027391832853836,0.69125333228449,0.32971331235174517,0.29695094206624845,1.072892642536739,1.1775463318628703,0.9500964802833834,1.175715050675401,1.3277296440789499,1.072788824874886,1.3912359391356508,0.8265335294995749,0.6863331507089766,1.3121974196410047,1.592234701946142,1.0256194101425342,3.2518535518588183,-0.9793535197479041,0.8147345869271297,1.1947723281154037,0.833663446138891,-0.05136062134493925,0.9555248971231377,0.9143027331589885,0.8454057628021049,0.517286169801387,0.4968046566643347,1.1400292107198233,1.2163503593625118,0.26487549363449125,0.4265387301560344,0.14607746646409583,1.0477293129781153,0.5486408915797416,1.3534562164489523,0.44587579232407304,0.5351821659373294,1.4362933969921177,-0.012719517237364582,0.25056185446388624,-0.22905070032791017,0.30511052328634064,0.4745476606089211,1.499804601684114,1.3312441281490153,3.0446370756893892,0.42533385269052487,0.7377792336040138,0.6736655947098653,-0.052514525557338085,-0.32256682964940575,0.8277946087884646,1.4232207679888893,1.3884545433591868,2.0837019188080492,1.3030049534492913,1.2275259905123668,0.8680049625099844,1.139524669194876,0.6846883523218594,1.2121113004232225,0.7937822903133417,0.6776174454629017,1.2904847896036633,-0.32188251681410257,0.5093599420991688,1.036542943829787,0.8159484476817885,0.5248145957739223,1.4434614413610882,-0.14507223518137946,-0.7348285298434382,-0.536907413915844,-0.4458128962801495,-1.171160512995996,-0.9044939092008313,-0.3224646077138909,1.6720191888205949,1.5665100732199488,1.8152283291877167,1.2585876185793563,1.1871194838932897,0.8073521045600098,0.5291387183389672,0.3427401087406976,0.15217540716186045,0.6368375595448051,0.7901896487576687,-0.2246523993237644,1.1981024600043733,0.8400856931113369,0.9043064923086818,0.39839663102926337,0.4544141354448324,0.45342759054545495,0.04631785022068274,0.9641524063362613,0.5094370092081099,0.13977906952428598,0.22623563419593398,0.6296754358755576,0.2873555486903441,0.5200214837976306,0.3619696565962353,0.45560585315837976,0.5663087075219587,0.21574590611389635,0.473042752533843,0.36086703255988917,0.5330217699240997,0.3297610007009913,0.326201626384017,0.9856547623383461,0.14565210580556942,0.8208896349924726,0.25747723972373465,0.5796887280983445,0.4214899063782152,1.5435717243985327,1.3441963857160946,0.9456800252597778,1.0939278025734405,0.46830469820003695,0.7677626094043345,0.622918120976869,1.5869896632991085,0.9663102099644201,1.028247986174653,1.4065642502449303,0.6305130496127002,-0.7048725451701239,1.5413538787666345,2.491577380942924,1.8333059738270694,1.3126546688942928,2.2670991676388144,2.454800479040961,1.4728749118555924,1.497647548504408,1.5539788073905856,1.1095963657021588,1.1575830955272155,1.0268104125540387,-0.1271464941335836,-0.45615507200877586,0.1290601312014575,0.35949606198003337,0.4115682307729026,0.22840472955276447,2.1645882978099014,0.8735029277375437,1.5022897671480113,-0.09865335577829959,0.9775248238991474,-0.2045484574814012,1.4094428830946328,0.7222485613646843,1.8447244467716177,2.426597342730212,1.4005706413936965,0.8861984434204787,2.2541469608231797,1.6489704816417639,0.8210885573279904,1.1919564244743723,0.8839855876230667,0.7814496340778057,0.9261711935301066,-0.3472539799175008,0.9120548389460216,0.9378090119776579,0.7974055415061984,0.5427598951221738,0.6102848733373927,-0.34226591751496627,-0.3990599689447954,-0.40370511218988553,-0.6928290491118898,-0.13184048525873754,0.34529936786872434,-0.9497740801035157,-0.5618628426758078,-1.1327475921521002,-0.5283740073273747,-0.5678724501422557,0.5531569786529954,-0.471392959659732,-0.1751970087911311,0.10797461117398373,-0.9536018065069923,0.08648886136942843,0.7266540537870431,0.3805202558360935,0.2113570666439441,0.6281063543934579,0.0024623012869420683,0.2938274018033879,1.7571895031300033,0.9339818425233506,0.5365356981824843,-0.4696882363299442,0.7770685869125802
015_Moyzes_1,0.7498374326542092,1.69347096471759,1.6098361256561087,0.7336038323570662,0.6557219807444709,0.029840253255630476,1.3222149088205535,2.2369724158434825,1.7808121192886224,0.6141160644809174,0.4236284629101613,0.4496829288684107,1.4955091140957004,1.355719474150455,1.261545696064902,0.07433954354732762,0.24115229330502802,1.298413119765974,-0.26489818259524933,0.9632672948885524,0.2917566267052425,0.6325265266494018,0.4185148048526388,0.6188502670131439,0.9555248971231377,0.5393924176484046,-0.23347640661800284,1.415462889683882,0.4968046566643347,0.7842754144667886,-0.074688179960841,0.6533595509652615,0.0435243602200922,0.7176617868598124,0.31312623257442923,0.7853095114770139,-0.12478674336053754,0.03647787537712495,0.1619315697794796,0.06670093174888676,0.8267686204271694,0.011467819356638568,0.026458349215101838,0.30511052328634064,0.18454631245907954,0.3943584581222222,0.45291503895322915,1.1285210973223072,1.4234506270039005,1.121657049516738,0.3345714187387899,0.33259199519659144,0.8527236345482536,-0.13047551338269353,0.16482825528955214,0.3063244640715897,0.1242886239549042,0.18690559578029317,0.6383688744114756,0.7253058516450926,0.4882489632795066,0.09165119676750515,0.7025613269966924,0.10809287275932575,0.23032307193266124,0.5483023074094383,1.2094453948514878,-0.01867472609179981,-0.12476210232037263,0.3851276673057732,0.13120364894361206,-0.05682919060476179,1.754108680729495,2.7645029831624712,1.9069470218390185,0.2597902489114357,0.5462628754075972,0.5682487753754053,-0.3224646077140147,0.1949737716085721,1.1224274860792756,-0.7207928516909603,0.6857132542604563,1.1871194838935708,1.0205162950607702,0.24408344052489167,0.6120359084657367,0.5045816132207891,0.0831004228049524,-0.4958086874675252,0.061269486001476095,-0.4496523016779762,0.3780385619001124,1.3724180883272192,0.022765521773280645,0.3228732015003568,0.3449992536758311,-0.09906457747685103,-0.1523105603224612,0.5094370092078946,0.27955813904849125,0.4424114764421608,0.9910042669445249,0.2873555486903441,0.2607123499077869,0.054278770244674805,0.17325856387739064,0.7220436020898336,0.6308713959064403,0.7159292736965644,0.477106421606528,0.6847774351434235,0.998939244155648,0.4621353187965871,0.5815975305721974,0.7564662608496623,0.6652250065249564,1.3421685900490368,0.17695761173535401,0.9669474322796726,0.8273979746199599,0.9974616826620093,1.3310925052334093,1.251633615142172,1.855207143826157,1.205671637068066,-0.6179044457932765,0.1773932144801756,0.33021727476246876,-0.8518108716584889,-0.2013629508209816,-0.4655317382558328,-1.1713545504410776,1.6851005664018983,1.0616983264391395,0.2491116266291568,1.0465664522334612,0.9509334648423101,0.7635596705425862,1.0320143940210953,0.31421568397053545,1.2481695439609937,0.4914690751669807,0.4572294897392958,0.12009218035376108,0.3787015797009124,0.8639426068460714,1.1808796202846714,0.09490574164391967,0.41156823077234317,0.876779445702815,0.6531386249829951,1.6387236456190466,1.8629128455878348,1.041035621599296,0.7040784427498781,0.3135071014398506,-0.2853525624270211,0.011721469475024074,-0.05644199240931745,0.7250138067842574,0.2693300921090812,0.8861984434204787,0.47893423723836,0.6819838234305159,0.36380283776543443,0.4242823374190291,0.1259475124902858,0.3582440921938742,1.18236810386606,1.1380166429906786,0.5985359880582294,0.08881913421871215,-0.12436580969004235,0.14473597203241648,0.4836219750973494,0.6694938654198346,0.23661105931714058,1.4898254160958413,1.2659973726229106,1.9877488546704862,0.8300058983958005,1.3735191777457096,2.120155487993298,0.7794024768057821,3.5132674955501133,2.4388941244964157,2.415977153904107,3.2527122278432476,1.0034750339375496,0.564465097517246,0.6292630188159235,-0.03946330055108522,-0.26601984392366823,-1.3307887621749548,0.5233140076109358,0.787465333689079,0.8441237905466445,0.29382740180381894,0.35760092531077653,0.62770526356002,-0.11225505383538908,-0.16672198424328388,0.32322095818749136
016_Psophos_1,0.675128583993291,0.8733623843197652,0.36814852200883724,0.5642018320667841,-0.28155294088463007,0.5640616308768664,0.32492584368528576,-0.3153072584161489,0.6393707091273665,0.27715667276422445,0.1802166064416541,-0.10783287282160578,-0.8074014901100722,0.49117767784239474,-0.607895076342162,-0.21406786711462264,-0.2650339469026867,0.07084142646063996,-0.7672912875172284,1.0700952511867932,-0.4482441125595874,-0.632526526649302,-0.6885482385773999,0.11619210074455179,0.10795532203750619,0.16448210213795392,-1.0041065276325063,0.3675900498208825,-0.3280785468538429,0.25064472008742605,-0.6615238796533272,-0.9005766783575436,0.04352436021995613,0.14607746646409583,-0.42147684782899597,-0.1613649681117391,0.08639082232648956,-0.3109455015208805,-0.05351821659368773,-0.22678316794610118,2.03936259705363,-1.02460633277524,-0.05871133396592233,0.09857416906177413,-0.10545503569096813,-0.35989479834179683,-0.31032673174375996,-0.9003075856548297,-0.3232537280446841,0.5003331164249534,0.23726074745587164,-0.1487911557458889,-0.06706890264993354,0.3855160908632824,-0.21268949852028476,-0.8840186231446596,0.1242886239549042,-0.11748513812944672,-0.30428251134998363,-1.2724817004623776,-0.4235370250019734,-1.568852838784788,-0.8260885932821738,-1.0412590657082292,-0.7066377259240026,-1.3206751654956133,-0.4175905112931085,-1.2067527295213383,-1.4312302792389415,-1.4817623809901574,-1.0496291915480647,-1.8071682612315276,-0.3250527051245216,-0.2324287758741652,1.2668899077127727,1.529875910256309,0.7138163767152924,2.3776183592833378,0.11295121982077531,-0.2666029212701686,-0.6539028624834169,-0.6105310612179198,-1.2238679601356965,-1.1871194838934171,-0.6847972289444033,-0.3260271151028543,-1.0037388898837327,-0.905043211015176,-0.2860576683551243,-0.1450818684970027,-1.5839178941128504,0.00951287105084555,-0.2380242797149264,-1.670307285793773,-0.6032863269871057,-0.9925361379455206,-0.4139991044110734,-0.6805942882657465,-0.15231056032268786,-0.7021969586379851,0.2795581390486899,-0.09974132272318217,-1.2955026425013672,-0.8905368405241326,-1.0358333195425367,-0.09956667293088682,-0.6737833039665798,-0.8353053435944484,-0.5107237010234242,-0.7413898532770031,-0.4528086907698862,-0.3775122213870991,-0.8747598375178472,-0.8972016053306593,-0.6305741647258659,-0.7705691267607868,-0.5800920212164999,-0.5861715883069418,-0.7627483264452115,-0.7785166506045569,-0.7839929623805568,0.44648199346330975,0.4809707094014641,0.9362219900042605,-0.11565422627400973,-1.2466189178482823,-0.2870184279879827,-0.7029917980543371,0.3302172747626843,-0.7734750859155155,-0.13104676295907733,-0.09421733850432847,1.814130283293133,0.8747859991535656,0.6619040968236691,0.9910187812200644,0.6624483438046297,0.39336607470190443,0.904496404583984,0.81158413510416,-0.5141866212037135,0.33074175367265235,-0.003032757260950971,-0.1430736009361452,0.6382168844681528,0.5051635981596263,0.20923941894773754,-0.25597250922475706,-0.16968457869269538,-1.163127608706052,-0.25787630755954305,-0.3185075932625005,-0.1786755593494887,0.6007320710492213,0.6136522550825964,0.06603688673500263,0.3135071014398506,0.8445110679208248,-0.6440012539386734,-0.8477731198208477,0.20144964187752373,0.2693300921090812,-0.040142440851822996,-1.0280121435853893,-1.1094637177936093,-0.43780991314597106,-1.1063348381486775,-0.5526839009554966,-1.390087606785073,-0.8671713119729083,0.06450482409490928,-1.12581769182396,-2.03365556017825,-0.12436580969004235,-1.0493357972368555,-1.1629957020199733,-0.47716722190611965,0.8087149847532804,0.03665082462071659,2.303023125306069,2.1550848551912227,-0.18219505339933534,0.6838857765657131,0.41022222449984064,2.543094877148914,0.5469251081170616,0.1697332300436028,0.5531569786529954,0.9488166457439368,1.8874790659841438,1.1350782054463238,2.1488132511256275,1.401916139912354,1.1580784672734126,1.414289946572502,0.8040752544812549,0.30938839580221567,1.4268125138803271,0.29382740180381894,-0.06227564803503127,-0.41474280520932644,-0.08945546549135822,0.2877273938862761,-0.6544721686445775
017_Melos_1,-1.0431749352077881,-0.5715908287621221,-0.749370321273707,0.013645331123384037,-0.8113170270228238,-0.4280637847054309,-0.727768169513031,-0.6533118448944217,-0.21512516155165592,0.5392361996549738,0.9799984205525023,-0.3701932500874993,0.1614895804050056,-0.552151638424435,0.6863331507088745,0.7147610265642385,0.24115229330502802,-1.0203334120329257,-0.6668126665328469,-0.33181324820241853,0.1610121366498171,-0.7730879770159023,-0.4117824777197673,-0.051360621345058304,-0.5277218592767551,-0.3978833711278553,-1.0041065276325063,0.0681978098600863,0.08436305490531916,-2.06175495555711,-1.3657267192841938,-0.12360856369614105,-0.3394900097159861,-0.42550685393182386,-0.42147684782899597,-0.1613649681117391,-0.969497006108796,0.2680934599757404,-0.8075924689001943,-0.42243923440944964,-0.8522076549018323,0.1708638427615081,-0.5697294330521884,-0.8308394249489953,-0.975459080140596,-0.6113125504965293,-1.0735685024406136,-0.3367440626056784,-1.6956642927258414,-1.240162746033095,0.08376988336334916,-0.7264509368767832,0.29062819514938565,-1.3535119846556007,-1.2707647990855924,-0.3429535835007841,-0.9130478262615823,-0.8277301839188879,-1.129102473891365,-1.4151808113270665,-0.8143024485512319,-0.7386008210087257,-1.5054885578503978,-1.4344822134271906,-0.9834887602013049,-1.4342038591956379,-1.3268164588445486,-1.3387613965689398,-0.995740886932683,-1.4817623809901574,-0.7872218936609425,-0.18185340993530852,0.394869174648111,0.10250439343892145,-0.24597236204029269,0.11866961987313873,0.37870937409996147,-0.694102097118469,-0.4966309387279059,0.2872891101842415,0.08623478275117857,0.38182505303881753,-0.6509935958167965,-1.3849727312087885,0.16785953305803197,-2.4639416987072056,-1.5423304893336196,-0.7288401079855865,0.0831004228049524,-1.4310802047223627,-0.22465239932356124,-0.2665684392689997,-0.7000714109261508,-0.03191669972855944,-0.7284966967390407,-0.860995204001045,-0.19714243067197984,-0.825976715962867,-0.311805269845492,-0.399288466676569,-0.6988953476215416,-0.638467734788666,-0.695196944710599,-0.5960637432203565,-0.12825135092734702,-0.5611030024580089,-0.6737833039665798,-1.4582449218683826,-0.40694232857506696,-0.9842763744393794,-0.8015268579111241,-0.8327792170429141,-1.1424311348999383,-0.48940052809236945,-0.7652599086477878,-1.228679743044399,-0.11309813581306666,-1.309299155190819,-1.0312357373536174,-0.34215062988357703,-0.4259060874917793,-0.75047052954012,-1.2616892250672946,-0.9562477608223122,0.0929030538586464,-0.533453412666235,-1.279676481404099,-1.134200375443393,-1.0812602648884966,-0.7734750859155155,-1.7389739640254245,-1.4825407364713308,-1.964373959401686,-0.24718801703633794,-0.337581477215433,-0.602987288097141,-0.5878945109413434,-0.45398581511676983,-0.22299746774799906,-0.6212125478574858,-0.040813875389760876,-0.586686036615689,-1.2392873383309557,-0.7433766916115861,-0.3980325237609988,0.31547057047164534,0.2747097377376826,0.11885848108194998,-0.6988652193654241,-0.966290628770833,-1.0683447027464152,-1.6894356307929586,-0.9727450982948703,-1.3826948603690388,-0.09865335577829959,-0.4808558755637951,0.07802730193030022,-0.9309889226255935,-0.7376759287119447,-0.8477731198212226,-0.7147876467087022,-1.1132972459052102,-1.385090154006601,-1.5291800556347375,-0.6073317208513006,-0.8958743422379704,-1.1063348381486775,-1.231315314401279,-0.9530046820399221,-1.3453959801072721,-1.428120840449803,-1.4393365427117522,-1.3261639953789943,-1.0461371608867196,-0.12061331002717035,0.6102848733373927,0.804395169810988,0.045909750838668176,-0.49177629955205604,0.9203221217285243,-0.6896271536611398,-0.6180727831094069,-0.07100365198877309,0.7789468772751489,-0.25387145985932746,-0.2688190484270117,0.1697332300436028,-0.4825414695958923,-0.8574864089528272,-1.3990387108773088,-0.2724341274453655,0.18606086772542066,1.0200178977547187,0.6716026085466962,0.2521720794852618,0.08657429025716515,0.5484268647456473,-0.8391991879727604,-0.7677213972876936,-0.06227564803503127,-0.08694008735432145,0.32027211417621915,1.499592402232487,0.1507695063563714
018_Delme_1,1.0486728272978738,1.185784700661793,1.734004886020833,2.5123248354049874,1.4707436517263142,0.3351096118963222,1.1837025386628766,1.96622370031217,0.4451671021548715,1.9619536313476889,1.9188727240739172,1.8926650038307844,0.944055445051787,0.15582182618518808,2.1243645140989944,1.0990139163744215,2.45133127030652,2.116794248636197,0.3379735433111826,3.2296582452978093,1.991434997426144,1.7570181295816052,1.1104292069964252,1.4566138774605992,1.591202078437399,2.2264888374458325,1.4619098596137514,1.1160706497229793,2.971454267219014,1.1400292107198233,1.6858189191164508,2.0130537516227505,2.1501033948680464,2.4324147480473686,1.415030853180089,1.968652610962703,2.198166479197211,1.8894025521663778,2.4241543266989996,1.8276055299188145,2.7855742749776162,0.2505618544639995,1.559512646473779,0.511646877511054,1.9245544013583353,2.6571182275157086,1.9793985803466652,0.11410675583373871,1.548215223793161,1.5451053399749866,1.2725867104398287,2.8357843800976803,3.3055037337433464,3.1866133710559628,2.4299347781485734,2.795223646432894,2.429480735546878,2.216177155178511,2.7593344923748844,3.1511907363470355,3.0933517869409837,2.7010146812067988,2.401061238417735,2.890972411481197,2.8924257196817127,2.1987143392033768,2.3100873313610077,2.646943285436032,1.8795415349865139,1.8211969352258923,2.6240729788697807,2.0685825380134664,1.1597861719066251,-0.2324287758740462,0.8013938247117912,1.1770743376606168,0.37870937409996147,0.3578569632930431,1.9416976954670666,1.2104424959418543,0.8263724279855637,1.484442957768752,1.44954574001908,2.374238967786362,1.8731730570635083,2.6670533019433185,2.7664023062649017,2.795221952604201,3.2209441976642927,3.479095260864953,2.062722683278769,2.8458572216864626,2.534258507552201,2.4256691793693443,2.7773936563179844,2.9536918803924856,2.1882809804583574,2.227054265679351,2.240110082518468,2.629796452938023,1.8171279038163384,1.847554451041867,2.1954337038409686,2.9376134244230734,2.4648399879733005,2.2081149747047237,3.5614260352520684,2.123657653206462,2.7064988448694547,2.2946916612511474,3.3830911477834005,2.354089752547791,2.9788569884131118,3.0729253920669786,2.601883689402941,2.4386331734877067,2.2193962236088645,2.306338679226855,3.1303191317304906,2.494228504803257,1.961333776988049,2.1920427434792717,2.874595453524865,2.7335635946896617,2.6581506649782307,1.818744275796842,2.194626705552308,1.9071296678572371,2.0280134191472703,2.359956343806313,1.783152285928882,2.463220499855928,0.9744626738054691,2.7447426928037,2.3610295726896315,1.8565771282430241,3.1592160485906704,2.5121221572358263,2.313863744999564,2.2443808180654927,3.0361089723992496,1.553978807390151,2.840352779200095,1.6578356710901778,2.9697780529834676,2.2124008473514545,2.238819301432126,2.4303162546410126,2.56441539811632,1.9862640702512977,1.6872478408896872,0.869060006815498,0.6821977482673719,1.1416666887087004,1.895802354632695,2.9827982856601105,3.704416214378661,2.2971928783677273,3.4776844360892554,2.7132169535323505,1.3794690129171165,2.280424401948278,2.3418769758487037,1.7469433255130251,1.4878060386067085,3.5702538414097544,2.7897816087514786,2.704746883583642,2.252270099420929,3.2831373372790167,2.0350640794418493,2.1661302424963,1.7867988897370057,2.180062568300123,2.5328795105709605,2.7635541434138085,1.00674712639791,2.7792951723659685,3.1631779759762044,-1.7298548017950484,1.3741835194277328,1.791578810209638,1.941267120546333,2.371157503148221,1.111950314885342,1.8076206227761034,1.1378406852875995,2.495091569119775,1.5169004879054402,2.064279872393463,1.7817730610990985,1.3196928269734642,2.2546206566586684,1.98047824485615,1.3313449376058082,0.5233140076109358,0.46874737509791226,0.5204078331389818,2.113625343102631,0.9174363564383876,2.3632725443520335,2.050380786223574,1.423850839210499,-0.4755295741995831
019_Novak_1,-0.2960864485986225,-0.9230659346469045,-0.9045812717296152,-1.0451171706908586,-0.15929969023735066,-0.7714918131762235,-1.2818176501437386,-1.5828244577096595,-1.147302475019693,-1.6697198127100026,-1.5236663888379827,-1.878765419366355,-1.7762925606251103,-1.4091721482150432,1.1177425597259207,2.5070702057948098,0.4265863094753993,1.571206829389414,1.9456314790615727,-0.8174684518615614,1.599201527259775,2.6003868317808077,1.2488120874251432,1.6591180973780586,1.7588937188680849,1.9820754300066257,1.662867076270583,1.2657667697035901,1.1154670593030045,2.5630443957317093,2.2726546188088537,0.8476015796307157,2.3416105798360176,-0.7112990141296822,1.4150308531798281,1.7319839910655987,1.3534562164489523,0.15228566767643267,0.5928311425261205,0.7514971643705022,-0.3858253561993576,1.6851260651080517,1.2188339137496822,1.2345241172971102,1.7795537272834143,0.645776210277312,0.8345359243015882,0.3395321650533672,-0.1984891312556008,-0.30936652032137835,0.2312438112000306,0.621421885762107,0.5461261221488579,0.3118030045423838,-0.08685024725027951,0.08989844821413177,0.009029018375239985,0.18690559578029317,0.2848746047509075,-0.13088881354385215,0.09748353973043315,0.5660809212109211,0.19301135357064506,0.26948476002151744,0.5391919283239555,0.4957839337039747,-0.5611525030118213,0.3773512750513797,0.310727289986092,0.3851276673057732,5.0982859190166076e-14,1.5684856606914572,-0.23506247015295054,-0.06496219121762187,0.2777107313357493,0.11866961987313873,0.08549074681156925,0.3578569632930431,1.9403174272938009,1.581167048361199,0.38228984084489054,1.8152283291877167,1.8314619828982563,1.1871194838932897,0.5941879140595525,0.24408344052489167,0.20809220887836935,0.5045816132207891,0.4522585139647668,0.08873601081662365,0.2745743605015176,0.19259673346008221,-0.5460557005223364,0.670250694299413,0.2731862612771505,0.19133226755569432,0.5618559274150787,0.9186124164040259,0.8046576968136838,0.05507427126587803,0.13977906952428598,0.982851082057267,0.3887895484963031,0.43459209734223214,0.6496760507429209,0.6696605429475772,0.31443220851748394,0.41057381295319856,0.4233086510103158,0.83737253427758,0.012148865418320895,0.988288765580346,0.3297610007009913,1.141803780859824,0.8509690184164242,0.7564662608496623,0.820889634992915,1.101126067754411,0.311201317189557,0.31239840119804774,0.2902676622862847,-0.15199426803840507,-0.4484479223151633,-0.6408361356844007,-0.26164395739262514,-0.7211280846519043,-0.8936441726563663,-0.2761371247269682,-1.1865015954985918,-0.9301466574016849,-0.5904545346924748,-0.3134262960778689,-0.2850387404262256,0.376130880846804,-0.13768436240727172,0.6200652039246106,-0.681965035695462,0.2818525966735697,-0.5048709358311951,0.4809387467284438,0.43255887042351904,0.6365510171022443,-0.12665821536784605,0.257128459514054,1.0268104125540387,1.4536287365995308,0.9948832444255893,-0.13102884578924726,0.35949606198003337,0.6084052107075621,1.2009668037773795,0.3292565522347011,-0.3699807388196605,-0.6614487034899044,0.043807766393798624,1.0686736176154843,0.3135071014398506,0.11817016269725868,-0.26930255484505594,0.3392235712966351,-0.0603324405754711,0.2693300921090812,0.3568607952649315,0.22533241958328282,0.03732605128983669,0.24928673049219052,0.2851353214584364,0.6688526432466803,0.5039384004423959,0.2088341913285608,-0.3472539799173545,0.5985359880577839,0.37181576013889694,0.4901484244402026,0.5427598951225509,0.3569590768576661,1.1170255702050995,1.276889875423403,0.4329711677504212,0.2865841617554285,1.31840485258754,1.5920162691344182,0.22191982404933566,1.0219681440692276,0.19744376016637527,-0.08342264921240644,0.21583358505517802,0.6826192846841754,-0.2820316789393206,-0.6466658258827038,0.031892863450178756,0.12274627471238886,-0.7621738989807917,-0.09911762481659493,-0.4323515277191332,-0.28777403890326037,0.4953072049804151,1.1030965564728483,-0.3127719119628828,1.4772717875659989,1.138166228499001,0.4284039061793517,-0.7726544884163893,0.5086546952455973
020_Smetana_1,1.7584068895765803,2.1230516496878815,0.6785704229206565,0.8606553325747722,0.45196656299901733,0.983806999007827,0.4289514039211142,0.2830988781898661,-0.836576703863676,0.31459660517718296,-0.654338330021845,-0.5013734387204286,0.4596099097942481,0.528439439137631,-0.17648566732521798,-0.7264050535280785,-0.26503394690281756,0.6164288457075198,-0.1644195616108678,-0.008043112429733284,-0.6234548036828281,0.49196507628290137,0.2801319244239209,-0.2189133434346684,0.10795532203765675,-0.5853385288832139,0.5371537143963911,-0.6802827900420105,-0.12185774597433514,0.0727678219608455,1.4510846392394396,-0.12360856369614105,0.0435243602200922,-0.42550685393182386,-0.42147684782899597,-0.1613649681117391,-0.7583194404217689,-0.658368878418886,-0.5921426825269505,-0.7159233341043681,-0.9454841146423802,0.2505618544639995,0.4523067651202832,-0.31449853938750566,0.18454631245907954,-0.35989479834179683,0.2621045962789141,0.11410675583373871,-0.3232537280448614,-0.30936652032137835,-0.06370404447333229,-0.4376210463112676,0.3417277805492365,1.1226469540719541,1.0457030141790524,1.496667551287839,0.9311058630122261,1.20154137547933,1.4631888369526895,0.439907629915512,0.35799382209635877,2.1079775256524442,0.7025613269969337,1.3180798206053521,0.677617445462705,1.1769560959038001,0.060949461102261,1.156083602832673,1.7770055575679946,1.390376154849877,1.443240138378477,0.31824346738670073,0.30487893967653995,1.3585037783622824,2.02332104258914,2.164918740928896,1.5934722585805288,1.2835809364552815,0.8096165438764641,-0.5435489369974393,-0.5058753334364557,-0.8310546421638441,0.30379701138127996,-6.370175689330838e-14,0.16785953305803197,-0.040971837288981315,-0.19585149070899802,-1.0812463140445152,-0.6552157595149387,-0.7296265667813177,0.20423042866440108,0.09959928554921345,0.07000714109270245,-0.03191669972855944,0.39839663102926337,0.8490369372788199,0.7787126011541723,0.7732299887066988,0.8046576968136838,0.0550742712656628,0.6988953476219016,0.6585873186880804,0.870561323254641,1.023538291949575,0.5200214837979991,0.8235059861233575,0.03208491923649484,0.5663087075215161,-0.09559821123058532,0.35159949195282736,-0.33656930172258664,0.3812661047056384,0.06208970331890036,0.326201626384017,0.3122260427283535,0.7564662608492282,0.3538957495899242,0.13695597857625047,0.04271390628115104,-0.34215062988357703,-0.24686265004739052,-0.002375202662657445,0.36479338043696824,-0.483130323115669,-0.18864909183342116,0.8553444149372301,0.9538041387821627,0.7866396519042418,0.5871304923989933,0.7149048432023142,0.4814969326850174,-0.16728699102884195,1.1144072753866359,-0.060192347671324496,-0.337581477215433,-1.3583538749840076,-0.10578787305303342,-0.8120444417171605,-0.10890213470473761,-0.40078228894023726,-0.040813875389760876,0.48364638538723104,0.3678436170600856,-0.2431241160486239,-0.2685013477324929,-0.19037750336285067,0.4056503753172005,0.24380214451763738,0.006708968198297761,0.6084052107075621,1.0388731247400973,0.5451779340668971,0.7778503380024578,0.6007320710492213,1.041035621599296,0.06603688673474356,0.3135071014398506,0.9252156129458183,0.5737695181149178,0.6030006137673951,1.1084852902656854,1.0323267039228776,0.7538640313813099,0.859336963721156,1.6489704816417639,0.8218672668571082,0.5634293533800173,0.8045789259356825,0.795327016938611,0.3796321315529829,0.29979409867768353,1.3823331152770417,1.503802263817223,1.7191768927020024,1.0734584592421017,0.9902735680568024,0.9392964742021415,-0.20835866046614235,-0.2275627374656697,0.4018092453869451,-0.1876191520989302,-0.6180727831092458,-0.730081473074882,-0.09257958734388987,-1.008042152872354,-0.2317397685840274,-0.3373706750842487,-0.22361685753353236,0.09669088250168167,-0.1751970087911311,0.18405635889789682,0.12274627471238886,-0.08324369070059148,0.34129393710524103,0.76556478488871,1.7711417714789914,1.2921021014585206,-0.06228089019470089,-0.7677213972876936,-0.7620699369444458,-0.5974010522933025,0.8609310741909599,0.1362442678431612,-0.3860582769775945
021_FineArts_1,1.0113184029674163,0.2875705411784608,0.46127509228238056,0.14069683134109,0.16670897815537505,-0.046477086404550935,0.5465456359375807,0.498279639704149,0.7603848027401504,1.2505949155013314,0.6670403193786808,0.5808631175013517,-0.0248356254632908,0.6029629617281302,-0.607895076342162,-0.6941662360731292,-0.49557403236213593,-1.0203334120329257,-0.566334045548394,-0.6555833839752188,-0.6234548036828281,-1.0542108777490031,-0.2733995972910493,-1.2242296759717337,-0.7396142530481253,-0.21042821337262999,-1.0041065276325063,0.36759004982098886,-0.3280785468538429,-0.6387397705450976,-0.6615238796533272,-0.9005766783575436,-0.7225043796520644,-0.7112990141296822,-0.7887783880307085,-0.8713708278032197,-0.7583194404217689,-1.1216000476161991,-0.3766928961536301,-0.031127101482822224,-0.3858253561992913,0.25056185446394286,-0.7400687994142368,-0.6243030707244288,-1.1204597542155168,-0.35989479834179683,-0.8827580597664341,-0.5621694718253069,-0.5727829216232053,0.9704782900320257,-1.243495467166155,-0.24506778593430284,-0.2203676588496314,-0.6464671176287743,-0.9677250061397797,-0.7907714742124446,-1.1276266339692036,-0.5767194383790178,-1.067111362135174,0.5826067407802009,-0.8143024485512319,-0.3827785276760794,-0.6562386021397557,-0.5169615354164051,-0.8450632430627522,0.2687265463039254,-0.800422489209472,-0.5467093942827683,-0.2699252330889879,-0.3329069666541844,-0.3936109468304458,-0.3068776292656776,-0.6400185275251163,-0.5673619451870139,0.3940847520859533,0.33035056343063435,0.5677306677626704,0.7991537891357268,-1.410904030910724,-0.9590741232277018,-1.394040507717802,-1.6028871754746572,-1.032909838696244,-1.7806792258400939,-1.7506181814475987,-0.8961376707306002,-1.2730346896087719,-0.5526370049559969,-0.6552157595149387,-0.1450818684970027,-0.2246523993237644,-0.8158200264964496,-0.08400856931111197,-0.8511119927610831,2.026131437805841,0.45441413544501935,-2.6909941786720952,-0.2444470051739716,-0.47129997936806955,-0.2478342206957533,-0.13977906952432323,0.3343235553190474,-0.45431105733134447,-0.15435409726511085,0.0014032160177590398,-0.2534121161066671,-0.814956948607275,0.09910402381634213,-0.09559821123058532,-0.012730289790564517,-0.33656930172258664,-0.07400089095017666,-0.20558159406281018,0.0543342415581041,-0.4958884208035611,-0.46516204923895743,-0.26876276428102525,0.4985197620183604,-0.225773504628018,0.20330689601788032,0.6483545371755711,0.5961010588390574,-0.09991593542167565,-0.32542451054648913,-0.9185977474260832,0.1546899706753097,0.7883611298793983,-0.0627117889383072,0.3302172747626843,1.1849195576605998,1.553448400062292,1.0018274493644121,0.064029744118142,-0.5889537687458417,-1.0372213790425773,-0.6164467203934515,-0.681965035695462,-1.1678226176919286,-0.6458076698725929,-1.2825033246089184,-0.3958434347500572,-0.4337814049011103,-0.4975345896888826,-0.1430736009361452,-0.5789681469966371,0.07760499840244124,-0.23866267298899865,-0.9431626581207714,-0.6106684459200529,-0.572616668901514,-0.41996998659682533,-0.8583110478436041,-0.08302296961413093,0.24010899260939794,-0.3835756001229009,-0.4808558755635361,0.6902747806551848,-0.6888752875510715,-0.7376759287119447,-0.8477731198208477,-1.238351811615436,-1.1132972459052102,-0.30481126492978466,-0.1550703068987924,-0.7684961638863559,-0.43780991314597106,-0.8280408062270965,-0.4169576182664944,-1.0986989902884436,-0.6280589779060662,-0.8619524849329037,-0.49877999004837537,-0.3356758046603585,-0.5852514852885994,-0.916661156206685,-0.2763554143411103,-0.6795191784932332,-0.08122445481364675,-0.35966951850886286,-0.2895412564018272,-0.5222911531404033,0.5719751680988066,-0.43715799703656516,-0.5618628426758078,-1.0496106326322694,-0.5654532871702536,-0.06076854501453532,0.16477006055982352,-0.471392959659732,0.35520541043665793,-0.5006793706169966,-0.9536018065069923,-0.4227087948406313,-0.0991176248167514,-0.3895688022687749,0.2113570666439441,-0.3546073512628471,-1.0334287624173213,-0.3127719119628828,-0.2022345058168346,-0.6994932452809827,-0.7610458058529551,-0.5454297993515017,-0.11764438531061154
022_Prague_1,-1.4540736028428283,-1.7041217255019765,-1.683381705722726,-1.8883812704108291,-2.1968538676919374,-1.0463906864991563,-2.134940270171483,-1.3293210178509625,-2.1960019526712244,-1.4073014544309068,-1.7673929420637897,-1.714790183575173,-1.8135576017987722,-1.4091721482150432,-1.7583201670542683,-0.8222505326764477,-0.6797556137788943,-0.8839365572212543,-0.6668126665328469,-0.49369831608876114,-1.0156882738491972,-0.07028072518330017,-0.2733995972910493,-0.5540187876136504,-0.10393707173386406,-0.5853385288830807,1.1536578112078186,-1.2790672699637093,-0.3280785468538429,-0.10510907616560868,-0.42678959977631603,-0.3178505923615952,-0.7225043796519283,-0.7112990141296822,0.31312623257442923,-0.39803358800884325,-0.5471418747347417,-0.07932991692218277,-0.8075924689002709,-0.7159233341043681,-1.0387605743828618,-0.6261162742630094,-0.31422038350905535,-0.3144985393874323,-0.5404570579157305,-0.8627303026514406,0.0712941536047346,0.11410675583365862,-0.19848913125551215,-0.30936652032154366,-0.6535997558195341,-0.7264509368768516,-0.7824630982484992,-0.7938932902704667,-1.3452427599497956,-0.5743454583548329,-0.436069000491546,-0.9291937618887051,-0.30428251134998363,-1.0252626258446103,-0.9097078267109094,-0.5013859587868491,-0.4863886109978204,-0.9101846831353664,-1.2603397944788037,0.26872654630408677,0.6351974279768404,-0.2826920601871903,-0.2699252330889879,-0.6201208202381266,-1.3546874013386985e-13,-0.05682919060476179,-0.10007711769556195,-0.4836286528587422,-0.5950944242909874,-1.5042176140675274,-0.5009465077653343,-0.18916174812095518,-0.4966309387279059,-1.0974409684519806,-1.898540530838933,-0.7860512923823169,-1.032909838696244,-0.3957064946310878,-1.1111256099456208,-0.46855475400989205,-1.0037388898837327,-0.905043211015176,-1.3935319418345675,-0.9170491333921383,-0.7102692774071836,-0.9989038889056863,-0.23802427971470752,-0.9681398917658006,-0.4780759572351708,-0.20329053427791938,-0.4139991044110734,-0.09906457747685103,-0.31180526984526535,-0.399288466676569,-0.41933720857293244,0.010059791949707172,0.3887895484963031,-0.5960637432205658,-0.38756048481737493,0.3619696565962353,0.03208491923649484,-0.36810065988905316,0.008183161217476921,-0.1341735503715801,0.12838825446562044,-0.22575655616863788,-0.20558159406300036,-0.3534668356796062,-0.4958884208039439,-0.46516204923895743,-0.5800920212160575,-0.3451290660126586,-0.22577350462782725,-0.7785166506045569,-0.4259060874917793,-0.6008514641643723,-0.5646252512799893,-0.483130323115669,-0.04265936071480576,-0.2832190569884217,0.29203210317157524,-0.013710359490852489,-0.2470648862446439,-0.06845301422808732,-0.4310668366875715,-0.027113823108544266,-0.2850387404262256,-0.7458431353429223,-1.1371699364463739,-0.9874002976889052,-1.4502012525531252,-1.056309139663911,-1.0686178719971866,-0.9518579362328888,-0.6325298076570335,-1.0453999317598597,-0.8684109640099191,-1.0435282369493066,-1.4342819319901505,-0.8859186048853276,-0.4454637689504102,-0.5683316678138868,-0.16968457869269538,-0.17894270903163542,-0.5820636656345684,-0.3185075932625005,-0.7525910977605479,-0.6614487034893919,-0.9534200888121035,-0.5720046692798728,-0.48712421689296875,-1.0116934676503577,-0.8313506034852159,-0.9796616410564152,-1.0982591301905023,-0.8707467027992297,-0.8557525058506776,-1.0073118952193107,-0.6259703886879854,-0.6668421276921335,-0.6888937902665038,-0.5526839009554966,-0.8073103737918145,-0.4060252422996592,0.7409653487591082,-0.342020564604702,-0.3356758046603585,-0.8925086023541584,-0.5186372331169277,-0.40301831258115356,0.3996912566371444,-1.7339691282953669,0.6971847298366823,-2.766880554478043,-2.028315157827032,-1.354769133857295,-1.1694666871319412,-0.9724856910911318,-1.008042152872354,-0.8991668057564798,-1.1671770652932576,-1.000390693720428,-1.1099681165801023,-1.3990387108773088,-0.9952107308221614,-1.2701747715716114,-0.6773076229458421,-0.26427196053732255,-0.6462651549704382,-0.318969732999933,-1.1514022477409527,-0.5802264220467406,-0.16112208352142288,-0.6221110791626424,-0.5383662416980274,0.1496131134479096,-0.015238858200168973,-0.6544721686445775
023_VanDingstee_1,-1.0805293595382455,-0.5715908287621186,-0.5010328005442527,-0.5369111698200235,-0.24080185733553935,-1.0386025019868348,-0.007503844693126956,-0.25897316066978177,0.9889372016778908,-0.47164197549510484,0.14544348408900318,0.18732255160251715,0.23601966275231623,1.0128423359758096,-0.17648566732521798,0.4585924333574195,0.6095154561386754,-0.201952283162703,0.43845216429556416,-0.1699281803160759,0.5532456068161862,-0.632526526649302,0.0033661635663866057,-1.0566769538822427,-0.5277218592766045,-0.5853385288832139,-0.8499805034295399,-0.08149831012041817,-0.3280785468538429,-0.28298597429206285,0.16004609991608676,-0.9005766783575436,0.04352436021995613,-0.1397146937337625,-1.1560799282326821,0.07530365178553323,0.08639082232648956,0.7313246291731359,0.4851062493394219,-0.5202672676410891,1.1065979996486808,-1.1043043444776746,-0.14388101714700702,-0.10796218516279239,-0.5404570579158335,-0.10847704618688561,-0.11951628906971605,-0.5621694718253069,-0.3232537280446841,-1.0074636896052487,-0.9485476114927922,-0.9190041972538847,-1.0890606106478224,-0.6464671176287743,-0.46436800106011644,0.19811145614278386,0.2395482295345684,0.49129632969003306,0.5205374511912304,0.439907629915512,0.6185041044624694,0.4474734901001514,0.3628613447125804,0.40055914259456665,0.5391919283241522,0.041669158904037426,-0.17832052509545773,-0.15068339313940127,-0.41508836385780945,-0.6201208202381266,-0.2624072978870712,-0.18185340993513086,-0.1450722351814434,-0.2324287758740462,-0.24597236204020997,0.54203150698813,-0.41716975711151644,-0.48371028503616664,1.1561727093280585,2.2277944531820495,0.8263724279855637,0.933134005403863,0.11283888994155611,-6.370175689330838e-14,0.3810237235587922,0.671666357246005,0.7466838083280649,0.32837851019145,1.55973278744421,-0.6127176271242554,0.4901523139894384,0.6488508727769234,0.07000714109248359,0.3191669972854268,0.2731862612773284,0.5859550693894949,0.12814257993673756,0.7732299887069054,0.6451629872908796,0.8123455011693107,-0.41933720857293244,0.5504993975651206,0.5092324921858448,0.5818286459939109,0.6496760507429209,0.5158150997720156,-0.1090887254039997,0.8777784966585939,-0.09559821123058532,0.10871297079045106,0.36086703255988917,0.3812661047056384,0.06208970331890036,0.19026793397106054,0.3122260427283535,0.4510591833273988,0.5095603780574404,0.25747723972373465,0.04271390628115104,0.6396729167388602,-0.06781921260300174,-0.45123239878904986,-0.21609326438617152,-0.010012885409025823,-0.6266182851888524,-1.5093643344464713,-0.7006259502447763,-1.1342003754436205,-1.4016292082593003,-0.5992171305301279,-0.813906646465294,-0.684740695829581,0.3680360669530833,0.0021395421169542726,0.06221275240032145,-0.20202974895830128,0.7869986404625734,-0.1642013154388182,0.34074946841839304,0.37072361726966285,0.0775293110635591,0.33074175367265235,0.12059270084594409,0.257128459514054,-0.13897017170361886,-0.5065325495095454,-0.5764044065299281,-0.5683316678140643,-0.2578813521380666,0.017894270903583562,0.7146857666646114,0.43721724315079913,0.10828220985631275,1.5022897671480113,-1.762634878030544,-0.9657446709365528,-1.193563615421754,-0.5274661975015431,0.19907081902183282,0.8667776562377802,0.07055860065102632,0.14363669774424304,0.621529619342517,0.7325360548934372,1.1654771525361398,0.36380283776543443,0.2851353214584364,0.8045789259356825,-0.22453314079897013,0.4479465253957427,-0.2443142789143617,-0.969058266379841,0.08881913421871215,-0.12436580969004235,0.01206133100262306,-0.149692516101427,-0.40971656971054293,-0.46262707177113355,0.4770067614314439,0.17135907812391185,0.4259461831436647,0.027004042633158358,0.5600084385491061,0.0917812725334283,0.8150328992319761,-0.38005688795564835,1.045639975264187,-0.5472726226113902,0.47541344394277363,-0.5287986216099363,1.211159953170237,0.3760046467641562,-0.04081055268311665,-0.20922051529713215,0.12382390313443016,-2.003537214221759,1.053063632515089,-0.45074003908363863,-0.3127719119628828,-0.2022345058172324,0.8318896495356705,0.05791194723962736,1.7591057196133453,-0.2965869797550973
024_Wihan_1,0.41364761368008396,0.053253803921936925,-0.06644213926770633,-0.7486636701828743,-0.24080185733553935,0.14431626274589243,-1.3926275462698763,-0.2871402095429653,0.8676589911596287,0.39406098972707826,0.14544348408900318,0.22011759876075823,-0.27817082837004214,-0.48514753926331466,1.8367582414209296,1.4832668061846044,0.977878618972192,1.298413119765974,-0.06394094062641488,1.2870374306612378,1.7299460173152932,0.49196507628290137,0.0033661635663866057,2.1268247658188013,0.7436325033517674,1.4766682064246646,1.3077838354107851,0.21789392984059078,0.2905838557848269,0.606398516340208,0.5121475197316452,1.0418436082958937,1.1925674700280549,2.71820690824543,1.7823323933815407,0.7853095114768457,0.9311010850748981,0.6155168368737459,0.7005560357128189,1.8276055299186755,1.1065979996486808,0.33025986616643427,0.28196739875817434,0.20184234617413077,0.9095496828337866,0.3943584581222222,1.2161568096502182,1.4666592111516696,2.6710965948959746,2.1339735721714237,2.5908266565856763,2.3544012291552003,0.495026536749007,0.3118030045423838,0.4165067578293838,0.08989844821413177,0.2395482295344046,0.795687063599773,0.5205374511912304,0.6871267045332794,0.653353867486125,1.0405106456545057,0.8724113181388692,1.05593105545944,0.9544684797402039,1.5175421770035513,0.92232141141413,1.3014119443855279,1.036542943829787,1.246769228057804,0.9184255426044191,1.94355831868292,0.5748496445913172,0.4374375627517701,1.6160119699633846,0.18922993439233735,1.9285792611958597,0.7365622250412832,0.7225333783694565,-0.5435489369974393,1.7145376022669099,2.0357519101336408,1.0676294971396325,0.5935597419468942,1.0205162950607702,1.9544151074085347,1.6892191073653193,1.5618002313978256,0.26767946838472845,0.7901896487576687,0.6331132566521602,1.1981024600043733,2.3802427971486058,1.4894459873319368,0.7740277402854241,0.7174960033341574,1.537710959241077,0.9186124164042325,0.9641524063362613,1.4181624850923582,0.13977906952428598,0.982851082057267,0.509232492186016,1.023538291949575,1.1682943185229766,0.6696605429477959,0.8791267870798634,0.7220436020902763,0.7346527683547974,0.9588157948585956,0.942063977794735,0.988288765580346,0.9989392441560284,1.141803780859824,0.8509690184164242,1.0618733383719257,1.2878835203954635,0.8600835454601278,1.116663549915538,0.9669474322793625,0.6483545371760799,1.793053581842487,1.1780346831890998,1.7247510528488152,-0.9915926129852872,-0.5459644735866108,-0.03885391463395364,-1.3743053788621034,-1.232932151914495,-0.7734750859155155,-1.4264503421096062,-0.39246208573131935,-1.3579473525494328,0.06447143190523304,0.2621098672081987,0.7437163963563114,0.278330235376344,0.39336607470158746,0.6226229365011885,1.6933051707725277,1.260961175597768,2.471406597678927,1.6040981981300904,2.558290307103055,1.5449351166684304,1.200704699682283,1.3128824033356112,0.96286542195604,0.8562776179274062,2.5767750100563953,1.8493415199269694,1.6247848432287977,1.447418466148603,0.4204205318295659,1.4655127812237312,1.4351282278728736,0.219315181636084,-0.04323892735249912,0.011721469475024074,-0.05644199240931745,-0.0603324405754711,0.5207168808387576,0.4891952073041004,0.6057351460657184,0.8431482664660293,0.5928350523112713,0.8417233853012028,0.9403052086250704,0.9410213251867185,1.0457273605631878,0.9909621331227222,1.2255736898338139,0.7963106990179676,0.7974055415057617,1.3388077413020656,1.1169364662961259,0.06243799565906913,0.8722820875794378,0.25682879302608025,-0.2895412564018272,0.4817248499838574,1.3966953989712476,0.25463205323572885,-0.09257958734388987,0.11430680064642626,-0.45421544764151156,-0.8444745802119691,-0.09415455150253638,-0.21891125203245695,-0.2341306109276824,-1.0332516046840639,0.18606086772542066,-0.5924413469107718,-0.20922051529713215,-0.8601787822218648,-0.038208486129613806,-2.001316803984215,-0.3212536561207207,0.2938274018033879,-0.15558621851814777,1.8187842514905401,-0.8691775978557803,0.060502704821603755,1.313896370246546
025_Carmina_1,-0.6696306919032052,-0.41537967059110736,-0.43894842036188775,-0.4522101696748824,0.20746006170446576,-1.0767611718169288,-0.6169582733868935,-0.2308061117965882,-0.09860299736814786,0.08995701069939215,-0.16751461708480592,0.18732255160251715,0.27328470392596493,-0.3658428319482268,0.11112060535294908,-1.0784191258833122,-1.0481187766125417,-0.3383491379743745,-0.7672912875172284,-0.49369831608887615,-0.10047684346103368,-1.7570181295816052,-0.4117824777197673,-1.0566769538822427,-1.1633990405908659,-0.5853385288832139,-1.0041065276325063,-0.38089055008121436,-1.3591825512515283,-1.3502473630510405,-1.0136252994688022,-0.7063346496922275,-1.4885331195239486,-1.5686754947234602,-0.421476847829257,-2.528051167083117,-1.3918521374830002,-1.237407839915507,-1.0230422552735148,-0.7159233341044376,-0.47910181593983925,-0.38702223915564854,-0.7400687994142368,-1.553716664735125,-1.2654604282904376,-1.3655658069610843,-1.2643789451146574,-1.1257329948746184,-1.321370502358237,-2.054609443530806,-1.9808651063489335,-1.304110718007951,-1.6000564646467668,-0.9849465530512126,-0.7674077940059291,-1.1004446390021174,-1.0283074318412464,-1.943829541587742,-0.6577767810105517,-0.27358792440874385,-1.4655781544666013,-1.0944231143413718,-1.6753385489923331,-1.3034078308543278,-1.1219142773400543,-1.3206751654956133,-0.6568604974908272,-1.6027787306645178,-1.7215565407763782,-1.6253693077822304,-2.3616656809829295,-1.3070713839095185,-1.4234037707557246,-2.62632592355652,-1.7588346317931927,-1.5747779285868262,-2.3021466468227456,-1.2411208085325272,-1.2803794282906023,-0.7281796141489093,-1.1584028856045478,-0.7860512923823169,-2.178658567333773,-1.5828259785244412,-2.603274943450337,-0.8961376707308029,-0.7344430901586936,-1.4336525201036943,-1.3935319418348298,-0.4958086874675252,-1.7972227686126887,-1.9143232009513493,-1.9321970941560096,-1.436251487784338,-1.2293381757474922,-1.5186998737239836,-0.4139991044110734,-1.5528888544490898,-1.2687735269818636,-1.0051054505994013,0.698895347621703,-2.5857635085534083,-1.1750596988118256,-0.4488271945686777,-1.8446314736024154,-1.1398541751407807,-0.5326096593258846,-3.015593867552886,-0.7182864459195487,-1.7129359379261633,-1.1502450250523621,-1.8950688735730055,-1.811609378354785,-1.440936374981326,-1.5733743721800852,-1.228679743044399,-2.136738305892546,-1.4298204163379609,-1.5682105591710018,-0.6694251454243895,-1.321123274714232,-1.7978039871682272,-1.6102212119614427,-1.587071011097687,-1.5755515374595412,-2.0348551676428497,-1.5278409947581282,-1.7434468128674592,-1.7173532000902323,-1.4001613718599704,-0.13104676295929493,-2.1759571249990937,-1.0085616602416188,0.0644714319054102,-0.037735805003759205,-0.3691443355296985,0.8545073980187725,-0.7217687055795408,-1.068617871996786,-0.8416428067747344,-0.563026854252838,-1.1352008219660392,-1.1156618802240608,-0.9434777218365437,-1.3047507559612763,-1.1388426418027553,-1.4275185507977248,-1.02220826679332,-1.1164504825976211,-1.7536385485100305,-1.7167194188964656,-0.6423896660114082,-1.7091169951119507,-1.5630063995886943,-1.9506479440176008,-1.3011950190113442,-1.4290434149314382,-1.1191152523058059,-0.9876889519480596,-1.2434386835271751,-1.2383518116150638,-1.2389906402704056,-1.3634865612408793,-1.2816139612404664,-1.9986079500188816,-0.7221534075046588,-1.106334838149073,-1.9099467278466757,-1.390087606785073,-1.3453959801069324,-0.8104826344314072,-1.2825771172676332,-1.0341822265864276,-2.7458067182128514,-1.7127090023861997,-2.176298887938519,-1.8936309180145725,-0.6533283802497866,-1.548630547897476,-0.6352165072960496,-1.0242991547027713,-1.4114380839146141,-1.6088519011894165,-0.9138252841747047,0.19744376016637527,-0.34297760811276945,-1.0749763552701073,-1.324046458798102,-0.6291940269268462,-1.294935449383428,-2.859213550057113,-0.1305120973391985,-1.7792219592690004,-1.697357420170026,-1.4163542130754283,0.5233140076109358,-2.3731544223406136,-2.0693198261215846,-0.88738827691097,-0.9315461178327181,-2.332968333085606,-1.8423637258821293,-0.6969129253946166,-1.1018286547563005
026_Smetana_1,0.11481221903641772,-0.5715908287621203,-0.3768640401795255,-0.028705168949188377,0.7372241478426595,0.3351096118963358,0.35262831771682507,-0.5969777471480445,-0.525850932707659,0.08995701069939215,-0.3761533512006869,-0.5341684858786696,0.08695949805768174,0.9755805746805732,-1.3269107580372732,-1.462672015693404,-0.49557403236213593,-1.0203334120329257,-0.9682485294860629,-1.1412385876343616,-1.4079217440154732,-1.0542108777490031,-0.8269311190060195,-0.2189133434346684,-0.5277218592766045,-0.3978833711278553,-1.0041065276325063,0.3675900498208825,-0.3280785468538429,-0.6387397705450976,-0.19205531989930488,-0.12360856369614105,-0.3394900097159861,-0.7112990141296822,-0.421476847829257,-0.6347022079059474,0.08639082232648956,-0.4267532938201883,-0.8075924689001943,-1.205063500262774,-0.945484114642314,-1.184002356180166,-0.8252384825952609,-0.8308394249489953,-0.25045570976588893,-0.35989479834197546,-0.3103267317434888,-0.3367440626056784,-0.6975475184124659,-0.7747646331772368,-0.8010736836561108,-0.9190041972538847,-0.6802639274486523,0.16437683190069136,0.29066750655937856,0.19811145614293763,-0.10623058720442423,-0.2189487160992639,0.16704318153066228,0.15450940818593134,0.22773868091321084,-0.14556366545420285,0.19301135357064506,0.26948476002151744,0.12391537690810057,0.04166915890387609,-0.7525684919699691,-0.15068339313940127,0.6010535515235288,0.3851276673057732,0.2624072978869867,-0.18185340993530852,-0.2800575876387681,-0.2324287758740462,-0.536907413915844,0.18922993439233735,0.42059774942684064,-0.3153968353702888,-0.3224646077140147,-0.82049495272471,-0.5058753334364557,-0.3900074802719956,1.0676294971396325,0.7914129892622657,0.8073521045603128,0.5291387183387647,0.6120359084657367,0.6807847162503786,-0.10147862277508594,-0.4958086874675252,0.20423042866419794,0.2826831479584501,0.22402285149629803,0.2021390982808756,0.2731862612771505,0.45441413544501935,0.45342759054545495,0.6278475610095782,0.6451629872908796,0.35798276322729417,0.13977906952428598,0.7666752398111938,0.6296754358755576,0.4345920973420229,0.5200214837979991,0.8235059861233575,0.31443220851768455,0.25483891838465966,0.6308713959065877,0.473042752533843,0.5933458106538275,0.6847774351434235,0.32976100070061093,0.326201626384017,0.7162832744945022,0.7564662608492282,0.5095603780578828,0.2574772397233921,-0.22577350462763648,-0.2330591247034096,0.8273979746204687,-0.002375202663082688,-0.21609326438617152,-0.7985419482531323,-0.6266182851888524,1.3808352481333594,1.450133165490221,1.5869896632991085,1.0421461534774192,1.4982627006329383,1.323744514195702,1.0018274493644121,1.5808892806575898,-0.7458431353429223,-1.5369641660621283,-1.7293074522798129,-0.8740240899096048,-1.390849573748281,-0.7867444039139906,-1.1722881951501374,-0.5141866212037135,-0.7395906683302677,-0.3739091315819875,-0.14307360093642957,-0.13897017170361886,-0.6962255771973467,-0.3145231313708923,-0.25597250922475706,-0.08148780524732414,0.8052421906427811,0.552592087627329,-0.10258621142999769,-0.65693850802519,-1.3826948603690388,-0.8109589666396004,-1.3011950190116033,-0.39293229708893446,0.4409883427965449,0.011721469475024074,0.3392235712966351,-0.0603324405754711,-0.2334434853509859,-0.040142440851822996,0.3521333284110016,0.03732605128983669,-0.09426159132689028,0.2851353214584364,0.1259475124902858,0.3582440921938742,-0.1498343097720422,-0.810482634431261,0.12825771172676367,0.5133140730985871,0.4901484244402026,0.012061331003000143,0.10363328037793956,-0.34226591751496627,-0.844029688728259,-1.0202034237248285,-0.2895412564016635,-1.080077821542964,-0.7314106832243675,-1.1694666871319412,-0.9138252841747047,-1.008042152872354,-0.34297760811276945,-0.8444745802119691,-0.4825414695958923,0.03357045559490777,0.1784046040273391,0.48838334979344106,0.18606086772542066,0.08648886136942843,-0.09911762481659493,0.03825845223383518,0.5233140076110245,0.5484268647456473,0.32617825869442085,-0.3127719119628828,-0.4821522213808391,-0.9036776312563429,-0.7610458058529551,-0.5454297993515017,-0.6544721686445775
